frame,track,instance_score
0,0,0.9847385883331299
1,0,0.9576226472854614
2,0,0.9787824153900146
3,0,0.9614584445953369
4,0,0.9314037561416626
5,0,0.9501450061798096
6,0,0.970625102519989
7,0,0.9640676379203796
8,0,0.9622949361801147
9,0,1.0071643590927124
10,0,1.0171157121658325
11,0,0.9855144023895264
12,0,0.9746888279914856
13,0,0.9502175450325012
14,0,0.9608608484268188
15,0,0.9727296233177185
16,0,0.973943829536438
17,0,0.9725114107131958
18,0,0.9736177921295166
19,0,0.9597708582878113
20,0,0.9771665334701538
21,0,0.9499341249465942
22,0,0.9531525373458862
23,0,0.9699388742446899
24,0,0.9880275130271912
25,0,0.9832045435905457
26,0,0.9677285552024841
27,0,0.9583537578582764
28,0,0.9664894938468933
29,0,0.9698096513748169
30,0,0.9651663303375244
31,0,0.9567157626152039
32,0,0.9953545331954956
33,0,0.9856547117233276
34,0,0.9732593894004822
35,0,0.991959810256958
36,0,0.9755005240440369
37,0,0.9762813448905945
38,0,0.9986163377761841
39,0,0.9918122291564941
40,0,0.9926677346229553
41,0,0.9824537634849548
42,0,0.991955578327179
43,0,0.9812772274017334
44,0,0.9439195394515991
45,0,0.9687978625297546
46,0,0.9699037075042725
47,0,0.9772951602935791
48,0,0.9679393172264099
49,0,0.9635952115058899
50,0,0.9934620261192322
51,0,0.9709271192550659
52,0,0.9883416295051575
53,0,0.9854461550712585
54,0,0.9704194664955139
55,0,0.9902675151824951
56,0,0.9598252177238464
57,0,0.9672999978065491
58,0,0.9754316806793213
59,0,0.9783287048339844
60,0,0.9782659411430359
61,0,0.9868876338005066
62,0,0.9715427160263062
63,0,0.9738376140594482
64,0,0.988898515701294
65,0,0.9415758848190308
66,0,0.9829851984977722
67,0,0.9941075444221497
68,0,0.9794413447380066
69,0,0.9657387733459473
70,0,0.9649479389190674
71,0,0.9820885062217712
72,0,0.962369441986084
73,0,0.9906480312347412
74,0,0.9853628873825073
75,0,1.0051518678665161
76,0,0.9841012954711914
77,0,0.9765751361846924
78,0,0.9703534841537476
79,0,0.9761464595794678
80,0,0.9621530175209045
81,0,0.9697760343551636
82,0,0.9713777899742126
83,0,0.9805348515510559
84,0,1.012574315071106
85,0,0.9662339091300964
86,0,0.9862051606178284
87,0,0.9703072309494019
88,0,0.9837186336517334
89,0,0.9772785902023315
90,0,0.967846155166626
91,0,0.9522181749343872
92,0,0.9824563264846802
93,0,0.9848845601081848
94,0,1.0068588256835938
95,0,0.92703777551651
96,0,0.9660866856575012
97,0,0.9783939123153687
98,0,0.9884766936302185
99,0,0.9672247171401978
100,0,1.0118366479873657
101,0,0.9896794557571411
102,0,0.9991629123687744
103,0,0.9819662570953369
104,0,0.9819942712783813
105,0,0.9775922894477844
106,0,0.978839635848999
107,0,0.9764962792396545
108,0,0.9697949290275574
109,0,0.9855854511260986
110,0,0.9751899242401123
111,0,0.9795898795127869
112,0,0.9755262136459351
113,0,0.9976578950881958
114,0,0.9770967364311218
115,0,0.945415735244751
116,0,0.9894614815711975
117,0,0.9859839081764221
118,0,0.9815860986709595
119,0,1.0221103429794312
120,0,0.9828119874000549
121,0,0.9906622767448425
122,0,0.9899724125862122
123,0,0.9809895753860474
124,0,0.9898561835289001
125,0,0.9977867007255554
126,0,0.9969647526741028
127,0,0.9809437394142151
128,0,0.9910076260566711
129,0,0.9980639815330505
130,0,0.9856885075569153
131,0,0.9975937604904175
132,0,0.9800165891647339
133,0,0.9709166884422302
134,0,0.9836053848266602
135,0,0.9914111495018005
136,0,1.002747654914856
137,0,0.9913271069526672
138,0,0.9706345200538635
139,0,0.9767820239067078
140,0,0.9813105463981628
141,0,0.972618818283081
142,0,0.9718303084373474
143,0,0.9859170913696289
144,0,0.9728506207466125
145,0,0.971825122833252
146,0,0.988788902759552
147,0,0.9745196104049683
148,0,0.9954740405082703
149,0,0.940808117389679
150,0,0.9763079881668091
151,0,0.9881459474563599
152,0,0.9915958046913147
153,0,0.9812899827957153
154,0,0.9696880578994751
155,0,0.9780353903770447
156,0,0.9816524982452393
157,0,0.974449634552002
158,0,0.9923450350761414
159,0,0.975945770740509
160,0,0.9841904640197754
161,0,0.9776464700698853
162,0,0.9620792865753174
163,0,0.994807779788971
164,0,0.991069495677948
165,0,1.0106889009475708
166,0,0.9952313899993896
167,0,0.9454904794692993
168,0,0.9411413073539734
169,0,0.9446305632591248
170,0,0.9407759308815002
171,0,0.9377722144126892
172,0,0.9699471592903137
173,0,0.9917186498641968
174,0,0.9624055624008179
175,0,0.9724157452583313
176,0,0.977060079574585
177,0,0.9903877377510071
178,0,0.9856653213500977
179,0,0.9822959303855896
180,0,0.976765513420105
181,0,1.009617805480957
182,0,0.9755313992500305
183,0,0.9731044173240662
184,0,0.9700268507003784
185,0,0.9997066259384155
186,0,0.9824022054672241
187,0,0.9954922199249268
188,0,0.9859741926193237
189,0,0.9429301023483276
190,0,0.9661622643470764
191,0,0.9847511053085327
192,0,0.9620829224586487
193,0,0.9555054903030396
194,0,0.9379449486732483
195,0,0.9380010366439819
196,0,0.9314633011817932
197,0,0.9352454543113708
198,0,0.9060229659080505
199,0,0.9785774350166321
200,0,0.9711191058158875
201,0,0.9919862151145935
202,0,0.9704817533493042
203,0,0.9688197374343872
204,0,0.9875401258468628
205,0,1.0035985708236694
206,0,1.008745789527893
207,0,0.9717876315116882
208,0,0.9794600605964661
209,0,0.9819521307945251
210,0,0.9641590714454651
211,0,0.9684060215950012
212,0,1.0086508989334106
213,0,1.008107304573059
214,0,0.9734299778938293
215,0,0.9864944219589233
216,0,0.9680860638618469
217,0,0.9802737236022949
218,0,0.968620777130127
219,0,0.994098424911499
220,0,0.9745308756828308
221,0,0.9714450836181641
222,0,0.9776983857154846
223,0,0.9716947674751282
224,0,0.9824491739273071
225,0,0.993879497051239
226,0,0.996985137462616
227,0,0.9838261008262634
228,0,0.9660131931304932
229,0,0.987377405166626
230,0,0.9791675806045532
231,0,0.9767416715621948
232,0,0.9581016898155212
233,0,0.9898163080215454
234,0,0.9887220859527588
235,0,0.9801303148269653
236,0,0.9844880104064941
237,0,0.9951472878456116
238,0,0.9627489447593689
239,0,0.9352830052375793
240,0,0.990461528301239
241,0,0.985810399055481
242,0,0.9184966087341309
243,0,0.9390403032302856
244,0,0.9425824880599976
245,0,0.9712367653846741
246,0,0.9583520293235779
247,0,0.9726853966712952
248,0,0.952115535736084
249,0,0.9729261994361877
250,0,0.9705153107643127
251,0,0.9344402551651001
252,0,0.965490460395813
253,0,0.9869760274887085
254,0,0.9812126159667969
255,0,0.9640466570854187
256,0,0.9497958421707153
257,0,0.9818922877311707
258,0,0.9701407551765442
259,0,0.980634331703186
260,0,0.9758715629577637
261,0,0.9826849102973938
262,0,0.9848677515983582
263,0,0.978986382484436
264,0,0.9864948391914368
265,0,0.9857494235038757
266,0,0.9941497445106506
267,0,0.9739899635314941
268,0,0.977877676486969
269,0,0.981757640838623
270,0,0.9811736345291138
271,0,0.9892387986183167
272,0,0.9667621850967407
273,0,0.9824808835983276
274,0,0.9696081280708313
275,0,0.9721378684043884
276,0,0.980783224105835
277,0,0.9860475063323975
278,0,0.9644458889961243
279,0,0.9845790863037109
280,0,0.9728367328643799
281,0,0.9789586067199707
282,0,0.9972406029701233
283,0,0.9780079126358032
284,0,0.9608331322669983
285,0,0.9457266926765442
286,0,0.9634062647819519
287,0,0.9883627891540527
288,0,0.9866489171981812
289,0,0.9938749074935913
290,0,0.9889760613441467
291,0,0.9631094336509705
292,0,0.9775857329368591
293,0,0.9875447750091553
294,0,0.9807113409042358
295,0,0.9764826893806458
296,0,0.9706308245658875
297,0,0.989371657371521
298,0,0.969828188419342
299,0,0.9805477261543274
300,0,0.995486855506897
301,0,1.0001705884933472
302,0,0.9838914275169373
303,0,0.9563755989074707
304,0,0.982470691204071
305,0,0.98595130443573
306,0,0.9713293313980103
307,0,0.9731093645095825
308,0,0.9625593423843384
309,0,0.9895226359367371
310,0,0.9927616715431213
311,0,0.9553446173667908
312,0,0.977421760559082
313,0,0.9870574474334717
314,0,0.9888882637023926
315,0,0.9396321177482605
316,0,0.9369233250617981
317,0,0.9011308550834656
318,0,0.8823442459106445
319,0,0.9150615334510803
320,0,0.7827808856964111
321,0,0.9415454268455505
322,0,0.8688393235206604
323,0,0.8849985003471375
324,0,0.877716064453125
325,0,0.9805833697319031
326,0,0.9797956943511963
327,0,0.9544025659561157
328,0,0.9781549572944641
329,0,1.007328748703003
330,0,0.9843614101409912
331,0,0.9605908989906311
332,0,0.9916086196899414
333,0,0.973163902759552
334,0,0.9710496664047241
335,0,0.9648964405059814
336,0,0.9602609276771545
337,0,0.9790218472480774
338,0,1.0042387247085571
339,0,0.9864506125450134
340,0,0.9760423898696899
341,0,0.9006819725036621
342,0,0.9754171967506409
343,0,0.9697487354278564
344,0,0.9761301875114441
345,0,0.9955883622169495
346,0,0.9833284616470337
347,0,1.0075359344482422
348,0,0.9563331007957458
349,0,0.9909723997116089
350,0,0.9927200078964233
351,0,0.9866533279418945
352,0,0.984967052936554
353,0,0.976885974407196
354,0,0.9983972907066345
355,0,0.9933763146400452
356,0,0.996921718120575
357,0,0.9512565732002258
358,0,0.9831358790397644
359,0,0.9812265038490295
360,0,0.9900819063186646
361,0,0.9806481599807739
362,0,0.9719881415367126
363,0,0.9902677536010742
364,0,0.9858384728431702
365,0,0.985400915145874
366,0,0.9737675189971924
367,0,0.9796661734580994
368,0,0.977439284324646
369,0,0.9657769799232483
370,0,0.9675925970077515
371,0,0.9876863956451416
372,0,0.9577256441116333
373,0,0.9908803701400757
374,0,1.031724214553833
375,0,0.9657464027404785
376,0,0.9764477014541626
377,0,0.9742612242698669
378,0,0.9946987628936768
379,0,0.9834560751914978
380,0,0.9971172213554382
381,0,0.9999209642410278
382,0,0.9979778528213501
383,0,0.9864428043365479
384,0,0.9843548536300659
385,0,0.983745813369751
386,0,0.9741466641426086
387,0,0.9694198369979858
388,0,0.98575758934021
389,0,0.9675089716911316
390,0,0.9746153950691223
391,0,0.9989851713180542
392,0,0.9907920360565186
393,0,0.9976915121078491
394,0,0.9525392055511475
395,0,0.9849190711975098
396,0,0.9752388000488281
397,0,0.9735143184661865
398,0,0.9714699983596802
399,0,0.9502758979797363
400,0,0.9635658860206604
401,0,0.9753568768501282
402,0,0.9491956233978271
403,0,0.9702765941619873
404,0,0.9807918071746826
405,0,0.9879776835441589
406,0,0.9886943697929382
407,0,0.9888797402381897
408,0,0.9920017123222351
409,0,0.9754512906074524
410,0,0.9753054976463318
411,0,0.970207929611206
412,0,0.9910967946052551
413,0,0.9596438407897949
414,0,0.9830177426338196
415,0,0.9676468968391418
416,0,0.962169349193573
417,0,0.9829627275466919
418,0,0.95799720287323
419,0,0.9839149117469788
420,0,0.974652111530304
421,0,0.9644039869308472
422,0,0.9875549077987671
423,0,0.9677466154098511
424,0,0.9813054800033569
425,0,0.9796934127807617
426,0,0.9695180654525757
427,0,0.9759542942047119
428,0,0.9717340469360352
429,0,0.9831047058105469
430,0,0.9788803458213806
431,0,0.9626728296279907
432,0,0.9524680972099304
433,0,0.9670716524124146
434,0,0.9608896374702454
435,0,0.9838055372238159
436,0,0.9743590950965881
437,0,0.96778804063797
438,0,0.9600836038589478
439,0,0.9752737283706665
440,0,0.965896487236023
441,0,0.970882773399353
442,0,0.9655040502548218
443,0,0.9643773436546326
444,0,0.9829460978507996
445,0,0.9841681718826294
446,0,0.950066089630127
447,0,0.8754393458366394
448,0,0.8993469476699829
449,0,0.8816752433776855
450,0,0.9418140053749084
451,0,0.905261754989624
452,0,0.9132962226867676
453,0,0.9159208536148071
454,0,0.9294108152389526
455,0,0.9379421472549438
456,0,0.9385871291160583
457,0,0.9376980066299438
458,0,0.9098917841911316
459,0,0.8656870126724243
460,0,0.8785761594772339
461,0,1.001595139503479
462,0,0.9678176045417786
463,0,0.9781196117401123
464,0,0.9708656668663025
465,0,0.986141562461853
466,0,0.9538687467575073
467,0,0.9960526823997498
468,0,0.999260663986206
469,0,0.969129204750061
470,0,0.9829811453819275
471,0,0.9764236807823181
472,0,0.9965417385101318
473,0,0.9387193918228149
474,0,0.9962365627288818
475,0,1.001292109489441
476,0,0.9977107048034668
477,0,0.9451335072517395
478,0,0.9779088497161865
479,0,0.9760311245918274
480,0,0.9441525340080261
481,0,0.9640817642211914
482,0,0.9803625345230103
483,0,0.9596793055534363
484,0,0.9366247057914734
485,0,0.9799746870994568
486,0,0.9762083888053894
487,0,0.9894044995307922
488,0,0.9878486394882202
489,0,0.9516856074333191
490,0,0.9945830702781677
491,0,0.9601250290870667
492,0,0.9865004420280457
493,0,0.9861990213394165
494,0,0.9820950031280518
495,0,0.9886330962181091
496,0,0.9555395245552063
497,0,0.9547723531723022
498,0,0.9507125020027161
499,0,0.9633508324623108
500,0,0.9690614938735962
501,0,0.9686614274978638
502,0,0.9735802412033081
503,0,0.9736733436584473
504,0,0.968001127243042
505,0,0.9772123098373413
506,0,0.9797512292861938
507,0,0.9556030631065369
508,0,0.9641967415809631
509,0,0.9558616280555725
510,0,0.9546990990638733
511,0,0.9527286291122437
512,0,0.9624490737915039
513,0,0.9777270555496216
514,0,0.9615530371665955
515,0,0.9803656339645386
516,0,0.9744325280189514
517,0,0.9620574712753296
518,0,0.9663301706314087
519,0,0.9619042277336121
520,0,0.9672257900238037
521,0,0.9604312181472778
522,0,0.978861927986145
523,0,0.958629846572876
524,0,0.9566203355789185
525,0,0.9790335893630981
526,0,0.9724653959274292
527,0,0.963113009929657
528,0,0.9683079123497009
529,0,0.9669795036315918
530,0,0.9598696827888489
531,0,0.966242790222168
532,0,0.9729142785072327
533,0,0.9758135080337524
534,0,0.983632504940033
535,0,0.9658674597740173
536,0,0.9531904458999634
537,0,0.986965000629425
538,0,0.9807301759719849
539,0,0.9942306876182556
540,0,0.9846332669258118
541,0,1.000328540802002
542,0,0.9746696352958679
543,0,1.0069854259490967
544,0,0.9780425429344177
545,0,0.9752920866012573
546,0,0.9817264676094055
547,0,0.9964842796325684
548,0,0.9848389625549316
549,0,0.9805495142936707
550,0,0.9936764240264893
551,0,0.9797691106796265
552,0,1.0111043453216553
553,0,1.008122444152832
554,0,1.0028592348098755
555,0,0.9928037524223328
556,0,0.9987016916275024
557,0,0.9974793195724487
558,0,1.0050864219665527
559,0,0.9833241701126099
560,0,0.9858042001724243
561,0,0.993431568145752
562,0,0.9739875197410583
563,0,0.9938806295394897
564,0,0.9711652398109436
565,0,0.9875155091285706
566,0,0.9688482284545898
567,0,0.9933090209960938
568,0,0.9757537245750427
569,0,0.9778739213943481
570,0,0.9602944850921631
571,0,0.9708893895149231
572,0,0.9756616950035095
573,0,0.9770327210426331
574,0,1.0017006397247314
575,0,0.9547916054725647
576,0,0.9785993695259094
577,0,1.0114779472351074
578,0,1.005410075187683
579,0,1.0095125436782837
580,0,0.9994269013404846
581,0,0.9955556392669678
582,0,0.9320111870765686
583,0,0.9862349033355713
584,0,1.002014398574829
585,0,0.9838840961456299
586,0,0.9902825951576233
587,0,0.9974853992462158
588,0,1.0036494731903076
589,0,0.9957841038703918
590,0,1.003921627998352
591,0,0.9870299696922302
592,0,0.9796469211578369
593,0,0.9936555624008179
594,0,0.986905038356781
595,0,0.9776742458343506
596,0,0.986805260181427
597,0,0.9777212142944336
598,0,0.9852273464202881
599,0,0.9975981712341309
600,0,0.9836585521697998
601,0,0.9801585078239441
602,0,0.9749776721000671
603,0,0.9137904047966003
604,0,0.9419305324554443
605,0,0.9431308507919312
606,0,0.9566817879676819
607,0,0.8788418769836426
608,0,0.9993162751197815
609,0,0.9977784752845764
610,0,0.986777126789093
611,0,0.9919830560684204
612,0,0.978857696056366
613,0,0.9892926812171936
614,0,0.9645954966545105
615,0,0.96803218126297
616,0,0.9770791530609131
617,0,0.9610440135002136
618,0,0.9790849089622498
619,0,0.989063024520874
620,0,0.9611054062843323
621,0,0.9691730737686157
622,0,0.9912712574005127
623,0,0.9917974472045898
624,0,0.9891292452812195
625,0,0.9631646871566772
626,0,0.9839228987693787
627,0,0.9748379588127136
628,0,0.9686853289604187
629,0,0.966131865978241
630,0,0.965084969997406
631,0,0.9713874459266663
632,0,0.9739418625831604
633,0,0.9651554226875305
634,0,0.9516904354095459
635,0,0.9904233813285828
636,0,0.9724792838096619
637,0,1.022559404373169
638,0,0.9932435750961304
639,0,0.953158438205719
640,0,0.9831137657165527
641,0,0.9789332747459412
642,0,0.9737277030944824
643,0,0.9817284345626831
644,0,0.9821568131446838
645,0,0.972161054611206
646,0,0.9624072909355164
647,0,0.9659452438354492
648,0,0.9585298299789429
649,0,0.9759014248847961
650,0,0.9566217660903931
651,0,0.9685051441192627
652,0,0.9682989716529846
653,0,0.9868682622909546
654,0,0.9795681834220886
655,0,0.9784173369407654
656,0,0.9922395348548889
657,0,0.9954972863197327
658,0,0.9990233778953552
659,0,0.972094714641571
660,0,0.9765844345092773
661,0,0.9997895359992981
662,0,0.9977034330368042
663,0,1.000286340713501
664,0,0.9882560968399048
665,0,0.9820093512535095
666,0,0.9832829236984253
667,0,0.9724428653717041
668,0,0.9885921478271484
669,0,0.9700660705566406
670,0,0.9910938739776611
671,0,0.9814017415046692
672,0,0.9770432710647583
673,0,1.01621413230896
674,0,0.9724528789520264
675,0,0.9970172643661499
676,0,0.9968319535255432
677,0,0.9798763394355774
678,0,0.9768253564834595
679,0,1.0018709897994995
680,0,0.9838363528251648
681,0,0.9887264966964722
682,0,0.984417200088501
683,0,1.0110405683517456
684,0,0.988918662071228
685,0,0.9971628189086914
686,0,0.9936339855194092
687,0,0.9809695482254028
688,0,0.98592209815979
689,0,0.9680287837982178
690,0,0.9727630615234375
691,0,0.9813528656959534
692,0,0.961654543876648
693,0,0.9584660530090332
694,0,0.9763678908348083
695,0,0.9754640460014343
696,0,0.9697561860084534
697,0,0.9667187929153442
698,0,0.9843677878379822
699,0,0.9733705520629883
700,0,0.9793518781661987
701,0,0.9697567224502563
702,0,0.9528815746307373
703,0,0.9944069385528564
704,0,0.9930614233016968
705,0,0.9650930166244507
706,0,0.9415900111198425
707,0,0.9768280982971191
708,0,0.9663025140762329
709,0,0.9775680899620056
710,0,0.9785047769546509
711,0,0.9745712280273438
712,0,0.9707703590393066
713,0,0.9625592231750488
714,0,0.9660018682479858
715,0,0.956421434879303
716,0,0.9668564200401306
717,0,0.9469090700149536
718,0,0.9475516676902771
719,0,0.9633910059928894
720,0,0.9567110538482666
721,0,0.9479448795318604
722,0,0.9499220848083496
723,0,0.9691374897956848
724,0,0.9771456718444824
725,0,0.9557477831840515
726,0,0.9666956663131714
727,0,0.9621713161468506
728,0,0.9764055013656616
729,0,0.9843589663505554
730,0,0.9808185696601868
731,0,0.9945256114006042
732,0,0.9673977494239807
733,0,0.963168740272522
734,0,0.9652141332626343
735,0,0.970885157585144
736,0,0.9436490535736084
737,0,0.9308481216430664
738,0,0.9759316444396973
739,0,0.9737876653671265
740,0,0.9481831789016724
741,0,0.9523037075996399
742,0,0.9644666314125061
743,0,0.9806164503097534
744,0,0.9837508201599121
745,0,0.9461079239845276
746,0,0.9747357368469238
747,0,0.9685536623001099
748,0,0.9728571772575378
749,0,0.9889854192733765
750,0,0.9824609160423279
751,0,1.005017876625061
752,0,0.9772869944572449
753,0,0.96668940782547
754,0,0.9866312146186829
755,0,0.9977443814277649
756,0,0.9964297413825989
757,0,0.97575843334198
758,0,0.9915948510169983
759,0,0.9940692782402039
760,0,0.9903993010520935
761,0,0.9752626419067383
762,0,0.995734453201294
763,0,0.9872180819511414
764,0,0.9884179830551147
765,0,0.9900392889976501
766,0,0.972548246383667
767,0,0.9600516557693481
768,0,0.9375088214874268
769,0,0.9901789426803589
770,0,0.9286665320396423
771,0,0.9116822481155396
772,0,0.9545441269874573
773,0,0.9999393224716187
774,0,1.0005278587341309
775,0,0.9578987956047058
776,0,0.9899782538414001
777,0,0.9174821376800537
778,0,0.9829949736595154
779,0,0.9829559922218323
780,0,0.9740944504737854
781,0,0.9142316579818726
782,0,0.9373311400413513
783,0,0.9410641193389893
784,0,0.9261914491653442
785,0,0.9133954644203186
786,0,0.8885892033576965
787,0,0.9440888166427612
788,0,0.9527131915092468
789,0,0.9678494334220886
790,0,0.9884014129638672
791,0,0.946715772151947
792,0,0.9383956789970398
793,0,0.9790715575218201
794,0,0.9651562571525574
795,0,0.9862852096557617
796,0,0.9574691653251648
797,0,0.9598547220230103
798,0,0.9904992580413818
799,0,0.9685588479042053
800,0,0.9814159274101257
801,0,0.9801376461982727
802,0,0.986696183681488
803,0,0.9826468825340271
804,0,0.9604997634887695
805,0,0.9801203608512878
806,0,0.9759894609451294
807,0,0.981324315071106
808,0,0.9893531799316406
809,0,0.9455148577690125
810,0,0.9693518280982971
811,0,1.0056772232055664
812,0,0.9843575954437256
813,0,0.9821522831916809
814,0,0.9844366312026978
815,0,0.9769558906555176
816,0,0.9616972804069519
817,0,0.9747699499130249
818,0,0.9741647839546204
819,0,0.948874294757843
820,0,0.9747088551521301
821,0,0.9857198596000671
822,0,0.9650564789772034
823,0,0.9636500477790833
824,0,0.9476600885391235
825,0,0.9709764122962952
826,0,0.9769772887229919
827,0,0.9486406445503235
828,0,0.9609265923500061
829,0,0.9559425115585327
830,0,0.9709338545799255
831,0,0.9626072645187378
832,0,0.9807435870170593
833,0,0.9439430832862854
834,0,0.9741455316543579
835,0,0.9594330787658691
836,0,0.9765775799751282
837,0,0.9760723114013672
838,0,0.9640430212020874
839,0,0.9640090465545654
840,0,0.9517052173614502
841,0,0.9624801278114319
842,0,0.9574905037879944
843,0,0.947817862033844
844,0,0.9675540328025818
845,0,0.9507133960723877
846,0,0.9761652946472168
847,0,0.9559127688407898
848,0,0.9743751287460327
849,0,0.9794765710830688
850,0,0.982964813709259
851,0,0.9820272326469421
852,0,0.9665896892547607
853,0,0.9813777208328247
854,0,0.9784022569656372
855,0,0.9843161106109619
856,0,0.9634138345718384
857,0,0.9471836090087891
858,0,0.9503404498100281
859,0,0.9796953201293945
860,0,0.9897665977478027
861,0,0.97928386926651
862,0,0.9877787828445435
863,0,0.9900442957878113
864,0,0.9835086464881897
865,0,0.9875893592834473
866,0,0.9750638008117676
867,0,0.9546046257019043
868,0,0.97640460729599
869,0,0.9988452792167664
870,0,0.9732615947723389
871,0,0.9693967700004578
872,0,0.9934043288230896
873,0,1.0018620491027832
874,0,0.9899201393127441
875,0,0.9771130681037903
876,0,0.9679738879203796
877,0,0.9728622436523438
878,0,0.9542564153671265
879,0,0.9818307757377625
880,0,0.9608869552612305
881,0,0.9771406650543213
882,0,0.9825329184532166
883,0,0.9849244356155396
884,0,0.9867501258850098
885,0,0.9674078822135925
886,0,0.9976631999015808
887,0,0.9853496551513672
888,0,1.0005865097045898
889,0,0.982909619808197
890,0,0.9971256852149963
891,0,0.995635986328125
892,0,0.9940987825393677
893,0,0.9855605959892273
894,0,0.9761624932289124
895,0,0.9738932847976685
896,0,0.9933040738105774
897,0,0.9885110855102539
898,0,0.9384728074073792
899,0,1.0078123807907104
900,0,0.9842149019241333
901,0,0.9819328784942627
902,0,0.9844858050346375
903,0,0.9830155372619629
904,0,0.9834185838699341
905,0,0.9817668795585632
906,0,0.9814900159835815
907,0,0.9811985492706299
908,0,0.9812213778495789
909,0,0.9824389815330505
910,0,0.9630427360534668
911,0,0.9851210713386536
912,0,1.012274146080017
913,0,0.9824172258377075
914,0,0.9914414882659912
915,0,0.9555668830871582
916,0,0.959568977355957
917,0,0.9910774827003479
918,0,0.9709821343421936
919,0,0.9722437262535095
920,0,0.9761158227920532
921,0,0.9722397327423096
922,0,0.9844913482666016
923,0,0.9857664108276367
924,0,0.9926477670669556
925,0,0.9779043793678284
926,0,0.9860924482345581
927,0,0.9796348810195923
928,0,0.9729923009872437
929,0,0.9948605895042419
930,0,0.9960147738456726
931,0,0.9855708479881287
932,0,0.9354970455169678
933,0,0.9480226635932922
934,0,0.972161591053009
935,0,0.9649060964584351
936,0,0.9778460264205933
937,0,0.980819821357727
938,0,0.9763529896736145
939,0,0.959941029548645
940,0,0.9255940318107605
941,0,0.9575827121734619
942,0,0.9074945449829102
943,0,0.9414752721786499
944,0,0.947341799736023
945,0,0.9608261585235596
946,0,0.9806159734725952
947,0,0.9689206480979919
948,0,0.9386340975761414
949,0,0.9805153608322144
950,0,0.9735411405563354
951,0,0.9578689336776733
952,0,0.9919824600219727
953,0,0.9633196592330933
954,0,0.9454817771911621
955,0,0.9771867394447327
956,0,0.9977483153343201
957,0,1.0021449327468872
958,0,0.9781331419944763
959,0,0.9976553916931152
960,0,1.0074084997177124
961,0,0.9643955826759338
962,0,0.9609329104423523
963,0,0.9841084480285645
964,0,0.9688460230827332
965,0,0.9868716597557068
966,0,0.989084005355835
967,0,0.976310670375824
968,0,0.9835389256477356
969,0,0.988572359085083
970,0,0.948686957359314
971,0,0.9497288465499878
972,0,0.9418380856513977
973,0,0.9873163104057312
974,0,1.0096426010131836
975,0,0.9776099920272827
976,0,0.979117214679718
977,0,0.9977216720581055
978,0,0.9902765154838562
979,0,0.977502703666687
980,0,0.9789581298828125
981,0,0.9475210905075073
982,0,0.9729778170585632
983,0,0.9699154496192932
984,0,0.9126110076904297
985,0,0.9261104464530945
986,0,0.9239570498466492
987,0,0.9692006707191467
988,0,0.9653522968292236
989,0,0.9537433981895447
990,0,0.993248462677002
991,0,0.981304407119751
992,0,0.9780401587486267
993,0,0.9873207807540894
994,0,0.9574232697486877
995,0,0.9519636631011963
996,0,0.9543068408966064
997,0,0.987514853477478
998,0,0.9474834203720093
999,0,0.9652579426765442
1000,0,0.9734042882919312
1001,0,0.9680349230766296
1002,0,0.9820649027824402
1003,0,0.9974870681762695
1004,0,0.9860198497772217
1005,0,0.9728735685348511
1006,0,0.9882156848907471
1007,0,1.019167184829712
1008,0,0.9782341718673706
1009,0,0.9911487102508545
1010,0,0.9894613027572632
1011,0,0.9866920113563538
1012,0,0.9976953268051147
1013,0,0.9788907766342163
1014,0,0.9735230207443237
1015,0,0.9845580458641052
1016,0,0.9790114760398865
1017,0,0.9815368056297302
1018,0,0.9480687975883484
1019,0,0.9706796407699585
1020,0,0.9730082154273987
1021,0,0.9736130237579346
1022,0,0.9666600823402405
1023,0,0.9616000056266785
1024,0,0.9644739627838135
1025,0,0.988879919052124
1026,0,0.9949650168418884
1027,0,0.9805538058280945
1028,0,0.9858636260032654
1029,0,0.9778802990913391
1030,0,0.9590808749198914
1031,0,0.9619686603546143
1032,0,0.9484328627586365
1033,0,0.9664653539657593
1034,0,0.9883897304534912
1035,0,0.9879292249679565
1036,0,0.9789943099021912
1037,0,0.9536370038986206
1038,0,0.9796607494354248
1039,0,0.9726359248161316
1040,0,0.9521942138671875
1041,0,0.9529218673706055
1042,0,0.9792262315750122
1043,0,0.9597542881965637
1044,0,0.988935112953186
1045,0,0.9722357392311096
1046,0,0.9870477914810181
1047,0,0.9796240329742432
1048,0,0.9808923602104187
1049,0,0.9719635844230652
1050,0,0.9962635636329651
1051,0,0.9834785461425781
1052,0,0.9677827954292297
1053,0,0.9848157167434692
1054,0,0.9581347107887268
1055,0,0.9890676140785217
1056,0,0.9918493032455444
1057,0,0.970779299736023
1058,0,0.985877275466919
1059,0,0.9534119963645935
1060,0,0.9686944484710693
1061,0,0.9716500043869019
1062,0,0.9747985601425171
1063,0,0.9544007778167725
1064,0,0.9868433475494385
1065,0,0.9905233383178711
1066,0,0.9918546080589294
1067,0,0.9554025530815125
1068,0,0.9601425528526306
1069,0,0.9570070505142212
1070,0,0.9744590520858765
1071,0,0.9723755121231079
1072,0,0.9470183253288269
1073,0,0.9837450981140137
1074,0,0.9819328188896179
1075,0,0.9536565542221069
1076,0,0.9601326584815979
1077,0,0.963544487953186
1078,0,0.9526554346084595
1079,0,0.9547116756439209
1080,0,0.9708241820335388
1081,0,0.9688064455986023
1082,0,0.9708377122879028
1083,0,0.9759028553962708
1084,0,0.9803919792175293
1085,0,0.9588139653205872
1086,0,0.9537501335144043
1087,0,0.9525776505470276
1088,0,0.9786179065704346
1089,0,0.9932371377944946
1090,0,0.9440545439720154
1091,0,0.9904451370239258
1092,0,0.9757029414176941
1093,0,0.9594376683235168
1094,0,0.9748302102088928
1095,0,0.9713123440742493
1096,0,0.9914430975914001
1097,0,0.9853991270065308
1098,0,0.9662712812423706
1099,0,0.9742715954780579
1100,0,0.9661614894866943
1101,0,0.9751994609832764
1102,0,0.9761329293251038
1103,0,0.9827396273612976
1104,0,0.9730059504508972
1105,0,0.9930360317230225
1106,0,0.9811715483665466
1107,0,1.0234324932098389
1108,0,0.95738685131073
1109,0,0.9771117568016052
1110,0,0.9922257661819458
1111,0,0.9651957154273987
1112,0,0.9711560010910034
1113,0,0.9685550928115845
1114,0,0.9728466868400574
1115,0,0.9780070185661316
1116,0,0.9383344650268555
1117,0,0.9534788131713867
1118,0,0.9759372472763062
1119,0,0.9848846197128296
1120,0,0.9762438535690308
1121,0,0.9799268841743469
1122,0,0.9857874512672424
1123,0,0.9991762638092041
1124,0,1.0061908960342407
1125,0,0.9661640524864197
1126,0,0.9821586012840271
1127,0,0.977820634841919
1128,0,0.9592720866203308
1129,0,1.0015331506729126
1130,0,0.9876858592033386
1131,0,1.0030986070632935
1132,0,0.9911772608757019
1133,0,1.0381330251693726
1134,0,0.9619932174682617
1135,0,0.9631296992301941
1136,0,0.9873019456863403
1137,0,0.9628650546073914
1138,0,0.9381850361824036
1139,0,1.004190444946289
1140,0,0.9440900683403015
1141,0,0.9863651990890503
1142,0,1.0078307390213013
1143,0,0.9722362756729126
1144,0,0.9762691259384155
1145,0,0.9730343222618103
1146,0,0.9986099600791931
1147,0,0.9552270174026489
1148,0,0.9521485567092896
1149,0,0.9868786931037903
1150,0,0.9690767526626587
1151,0,0.9997873306274414
1152,0,0.9526750445365906
1153,0,0.9753365516662598
1154,0,1.0044350624084473
1155,0,0.9717488884925842
1156,0,0.9907677173614502
1157,0,0.9671404361724854
1158,0,0.9863705039024353
1159,0,0.9843119382858276
1160,0,0.9686513543128967
1161,0,0.9450429677963257
1162,0,0.9775776863098145
1163,0,0.9768158793449402
1164,0,0.9955307245254517
1165,0,0.9734018445014954
1166,0,0.9613471627235413
1167,0,0.9792707562446594
1168,0,0.9837124347686768
1169,0,0.9624326825141907
1170,0,0.9751982688903809
1171,0,0.9658315777778625
1172,0,0.9657307863235474
1173,0,0.969961404800415
1174,0,0.9710268974304199
1175,0,0.9535397887229919
1176,0,0.9629368185997009
1177,0,0.9842125177383423
1178,0,0.9747288823127747
1179,0,0.9765408635139465
1180,0,0.9625095725059509
1181,0,0.9645000696182251
1182,0,0.974021315574646
1183,0,0.975689709186554
1184,0,0.9840368628501892
1185,0,0.9570798277854919
1186,0,0.962859034538269
1187,0,0.9752025008201599
1188,0,0.9772471785545349
1189,0,0.9772881269454956
1190,0,0.9771026372909546
1191,0,0.9770513772964478
1192,0,0.9634522795677185
1193,0,0.9830178022384644
1194,0,0.9676528573036194
1195,0,0.9894430637359619
1196,0,1.0006483793258667
1197,0,0.9703722596168518
1198,0,0.9779834151268005
1199,0,0.9609885811805725
1200,0,0.9737821817398071
1201,0,0.9635469317436218
1202,0,0.9584657549858093
1203,0,0.9654504060745239
1204,0,0.9500095248222351
1205,0,0.9631864428520203
1206,0,0.9587255120277405
1207,0,0.9550058245658875
1208,0,0.9572712779045105
1209,0,0.9671277403831482
1210,0,0.9767454266548157
1211,0,0.9870837926864624
1212,0,0.9956513047218323
1213,0,0.9591054320335388
1214,0,0.9601004719734192
1215,0,0.9590714573860168
1216,0,0.9830789566040039
1217,0,0.924287736415863
1218,0,0.914272129535675
1219,0,0.9306908249855042
1220,0,0.9828667640686035
1221,0,0.9803571105003357
1222,0,0.98441481590271
1223,0,0.9752182364463806
1224,0,0.9814597964286804
1225,0,0.9649010300636292
1226,0,0.9772297739982605
1227,0,0.983340859413147
1228,0,0.9934477210044861
1229,0,0.961796760559082
1230,0,0.9556490778923035
1231,0,0.9682148098945618
1232,0,0.9501076936721802
1233,0,0.9695716500282288
1234,0,0.9903063774108887
1235,0,0.9773854613304138
1236,0,0.9865047931671143
1237,0,0.9724177718162537
1238,0,0.9778313636779785
1239,0,0.9987351894378662
1240,0,0.9737970232963562
1241,0,0.9657167792320251
1242,0,0.9773915410041809
1243,0,0.9614888429641724
1244,0,0.9785373210906982
1245,0,0.9773052334785461
1246,0,0.9900634288787842
1247,0,0.9651078581809998
1248,0,0.9729663133621216
1249,0,0.9775899052619934
1250,0,0.965616762638092
1251,0,0.9558477401733398
1252,0,0.9582280516624451
1253,0,0.9851405024528503
1254,0,0.9775648713111877
1255,0,0.981802225112915
1256,0,0.9450794458389282
1257,0,0.9820530414581299
1258,0,0.976574718952179
1259,0,0.9782226085662842
1260,0,1.0025008916854858
1261,0,0.9847067594528198
1262,0,0.9929773211479187
1263,0,1.0083544254302979
1264,0,0.9668010473251343
1265,0,0.9870291352272034
1266,0,0.9782025814056396
1267,0,0.9861341714859009
1268,0,0.9700929522514343
1269,0,0.9900423288345337
1270,0,0.9714487791061401
1271,0,0.961978018283844
1272,0,0.992156445980072
1273,0,0.9911934733390808
1274,0,0.9600483179092407
1275,0,0.9655572175979614
1276,0,0.9473673105239868
1277,0,0.977001965045929
1278,0,0.9743501543998718
1279,0,0.9630149006843567
1280,0,0.9886928796768188
1281,0,0.9544530510902405
1282,0,0.9641768336296082
1283,0,0.9802812933921814
1284,0,0.9454402923583984
1285,0,0.9890047311782837
1286,0,0.9888090491294861
1287,0,0.9671129584312439
1288,0,0.9757711291313171
1289,0,0.9824123382568359
1290,0,0.9580264687538147
1291,0,0.9658783674240112
1292,0,0.9566051363945007
1293,0,0.9835637211799622
1294,0,0.9741993546485901
1295,0,0.9713451862335205
1296,0,0.9726877808570862
1297,0,0.9713922142982483
1298,0,0.985878586769104
1299,0,0.9694506525993347
1300,0,0.9829473495483398
1301,0,0.9641578197479248
1302,0,0.9836286306381226
1303,0,0.9650431871414185
1304,0,0.9738842844963074
1305,0,0.9553235769271851
1306,0,0.985395073890686
1307,0,0.9922851920127869
1308,0,0.9580679535865784
1309,0,0.9726977944374084
1310,0,0.97267746925354
1311,0,0.9761643409729004
1312,0,0.99163419008255
1313,0,0.9747219085693359
1314,0,0.9830692410469055
1315,0,0.9662330150604248
1316,0,0.983857274055481
1317,0,0.9940236210823059
1318,0,1.002838373184204
1319,0,0.9932562112808228
1320,0,1.0000486373901367
1321,0,0.9833016991615295
1322,0,0.9993418455123901
1323,0,0.9884374141693115
1324,0,0.9950227737426758
1325,0,0.9985048770904541
1326,0,0.9873882532119751
1327,0,0.9670432209968567
1328,0,0.9624301791191101
1329,0,0.9941020607948303
1330,0,0.9699980616569519
1331,0,1.0042990446090698
1332,0,0.979770839214325
1333,0,0.9886234402656555
1334,0,0.984183132648468
1335,0,0.9749282002449036
1336,0,1.0018422603607178
1337,0,0.9922022223472595
1338,0,0.9864431619644165
1339,0,0.9626485705375671
1340,0,0.9825606942176819
1341,0,0.9653747081756592
1342,0,0.9447062015533447
1343,0,0.9616531133651733
1344,0,0.9712481498718262
1345,0,0.9735182523727417
1346,0,0.9546242952346802
1347,0,0.9670464396476746
1348,0,0.9549463987350464
1349,0,0.9486417174339294
1350,0,0.9715561270713806
1351,0,0.9665797352790833
1352,0,0.9735631942749023
1353,0,0.9893670678138733
1354,0,0.9542636871337891
1355,0,0.9561090469360352
1356,0,0.9567134976387024
1357,0,0.9944331645965576
1358,0,0.9829811453819275
1359,0,0.9652655124664307
1360,0,0.9813269376754761
1361,0,0.9702677130699158
1362,0,0.967988133430481
1363,0,0.9777246713638306
1364,0,0.9610470533370972
1365,0,1.00004243850708
1366,0,0.9756930470466614
1367,0,0.9905504584312439
1368,0,0.9855878353118896
1369,0,0.9766663908958435
1370,0,0.9451646208763123
1371,0,0.974054753780365
1372,0,0.9740480780601501
1373,0,0.9735508561134338
1374,0,0.9727237224578857
1375,0,0.9751861095428467
1376,0,0.9850228428840637
1377,0,0.9516173005104065
1378,0,0.9664692878723145
1379,0,0.9623059034347534
1380,0,0.9843117594718933
1381,0,0.9893822073936462
1382,0,0.9854987859725952
1383,0,0.9470284581184387
1384,0,0.9155844449996948
1385,0,0.9600687026977539
1386,0,0.9326532483100891
1387,0,1.0086621046066284
1388,0,0.9922954440116882
1389,0,1.0219608545303345
1390,0,0.9851737022399902
1391,0,0.9809600710868835
1392,0,0.9935360550880432
1393,0,0.9941715598106384
1394,0,1.0036014318466187
1395,0,0.9846929907798767
1396,0,0.9846657514572144
1397,0,0.9725860953330994
1398,0,0.9787423014640808
1399,0,0.981857180595398
1400,0,0.9918400645256042
1401,0,0.9832793474197388
1402,0,0.9458110928535461
1403,0,0.9846872091293335
1404,0,0.9130724668502808
1405,0,0.9563695192337036
1406,0,0.9618288278579712
1407,0,0.9832851886749268
1408,0,0.9901405572891235
1409,0,0.9955230951309204
1410,0,0.961303174495697
1411,0,0.957598865032196
1412,0,0.9875205159187317
1413,0,0.9695659875869751
1414,0,0.9589632153511047
1415,0,0.977100133895874
1416,0,0.9616233110427856
1417,0,0.9577028155326843
1418,0,0.9560472369194031
1419,0,0.9884393215179443
1420,0,0.9614670276641846
1421,0,0.9798593521118164
1422,0,0.9883908629417419
1423,0,1.003480076789856
1424,0,0.9926208257675171
1425,0,0.97637540102005
1426,0,0.9520991444587708
1427,0,0.9863947629928589
1428,0,0.9967117309570312
1429,0,0.9539706110954285
1430,0,0.9710456728935242
1431,0,0.9838507771492004
1432,0,0.9883304238319397
1433,0,0.9519264101982117
1434,0,0.9860879182815552
1435,0,0.975928008556366
1436,0,0.9774337410926819
1437,0,0.9993077516555786
1438,0,0.9588963985443115
1439,0,0.9622894525527954
1440,0,0.9674574732780457
1441,0,0.9838315844535828
1442,0,0.9675807952880859
1443,0,0.9797543287277222
1444,0,0.9996912479400635
1445,0,0.9745818972587585
1446,0,0.9815446138381958
1447,0,0.967346727848053
1448,0,0.968063473701477
1449,0,0.9800836443901062
1450,0,0.9666634798049927
1451,0,0.9671660661697388
1452,0,0.9838218092918396
1453,0,0.9724380373954773
1454,0,0.9737168550491333
1455,0,0.9583017826080322
1456,0,0.9613674283027649
1457,0,0.911683976650238
1458,0,0.8465887308120728
1459,0,0.8992012739181519
1460,0,0.8694519400596619
1461,0,0.8678812384605408
1462,0,0.9259885549545288
1463,0,0.9107043743133545
1464,0,0.9170280694961548
1465,0,0.8607460260391235
1466,0,0.9168697595596313
1467,0,0.9476482272148132
1468,0,0.9515781998634338
1469,0,0.9273502230644226
1470,0,0.942196786403656
1471,0,0.9172292947769165
1472,0,0.8864744305610657
1473,0,0.737088680267334
1474,0,0.9402810335159302
1475,0,0.9369747042655945
1476,0,0.9808482527732849
1477,0,0.9798005819320679
1478,0,0.9582023024559021
1479,0,0.9831253886222839
1480,0,0.9708542227745056
1481,0,0.9763035774230957
1482,0,0.964339017868042
1483,0,0.9903051853179932
1484,0,0.9852086305618286
1485,0,0.9797555804252625
1486,0,0.9751151204109192
1487,0,0.9605060815811157
1488,0,0.9756714701652527
1489,0,0.9621092677116394
1490,0,0.9722460508346558
1491,0,0.9834022521972656
1492,0,0.9811711311340332
1493,0,0.9704234600067139
1494,0,0.9740239977836609
1495,0,0.9652867317199707
1496,0,0.9730397462844849
1497,0,0.9790728688240051
1498,0,0.9625643491744995
1499,0,0.9690955877304077
1500,0,0.9573957920074463
1501,0,0.9666047096252441
1502,0,1.0116558074951172
1503,0,0.9890174269676208
1504,0,0.9702357053756714
1505,0,0.9756298065185547
1506,0,0.9766285419464111
1507,0,0.9659227728843689
1508,0,0.9820972084999084
1509,0,1.0032380819320679
1510,0,0.9763848781585693
1511,0,0.9701068997383118
1512,0,0.9701763987541199
1513,0,0.9517191052436829
1514,0,0.9631734490394592
1515,0,0.9721180200576782
1516,0,0.9534404873847961
1517,0,0.943926990032196
1518,0,0.9586430788040161
1519,0,0.974530816078186
1520,0,0.9933412075042725
1521,0,0.983183741569519
1522,0,0.9916831254959106
1523,0,0.9557725787162781
1524,0,0.9561412334442139
1525,0,0.9825583100318909
1526,0,0.962002158164978
1527,0,0.9711162447929382
1528,0,0.9557648301124573
1529,0,0.9941136240959167
1530,0,0.9710091948509216
1531,0,0.9684722423553467
1532,0,0.9554266333580017
1533,0,0.937418520450592
1534,0,0.9539944529533386
1535,0,0.9971762299537659
1536,0,0.9741803407669067
1537,0,0.9714487791061401
1538,0,0.99985271692276
1539,0,0.9988635182380676
1540,0,0.9777929782867432
1541,0,0.9700829386711121
1542,0,0.9854644536972046
1543,0,0.9734084010124207
1544,0,0.9512041211128235
1545,0,0.9507697820663452
1546,0,0.9502214193344116
1547,0,0.9903134107589722
1548,0,0.9789162874221802
1549,0,0.9550439119338989
1550,0,0.9731053113937378
1551,0,0.9396066069602966
1552,0,0.9682877063751221
1553,0,0.9667353630065918
1554,0,0.9633638858795166
1555,0,0.934119462966919
1556,0,0.9758008718490601
1557,0,0.9740281105041504
1558,0,0.9690953493118286
1559,0,0.9864873886108398
1560,0,0.9738875031471252
1561,0,0.9902546405792236
1562,0,0.9812033772468567
1563,0,0.939154863357544
1564,0,0.997376024723053
1565,0,0.9760082960128784
1566,0,0.9883190989494324
1567,0,0.9940393567085266
1568,0,0.9748242497444153
1569,0,0.9837840795516968
1570,0,0.9842538833618164
1571,0,0.9629269242286682
1572,0,0.9830037951469421
1573,0,0.9773861169815063
1574,0,0.9721684455871582
1575,0,0.9734726548194885
1576,0,0.9654089212417603
1577,0,0.9772546291351318
1578,0,0.9834375977516174
1579,0,0.976722002029419
1580,0,0.9898504018783569
1581,0,0.9842438697814941
1582,0,0.9816848635673523
1583,0,0.964896559715271
1584,0,0.9685146808624268
1585,0,0.9812384247779846
1586,0,0.9753817319869995
1587,0,0.9207918047904968
1588,0,0.9364048838615417
1589,0,0.9521394371986389
1590,0,0.9876294732093811
1591,0,0.9618629813194275
1592,0,0.9749147891998291
1593,0,0.9690887928009033
1594,0,0.9692525863647461
1595,0,0.9695053100585938
1596,0,0.9889504909515381
1597,0,0.9483168125152588
1598,0,0.9936224222183228
1599,0,0.9415029287338257
1600,0,0.9587284922599792
1601,0,0.9635903835296631
1602,0,0.9407339096069336
1603,0,0.97231525182724
1604,0,0.9703674912452698
1605,0,0.9800392389297485
1606,0,0.9670253992080688
1607,0,0.9661351442337036
1608,0,0.9641789793968201
1609,0,0.9645624160766602
1610,0,0.9818037748336792
1611,0,0.9959779381752014
1612,0,0.9856818318367004
1613,0,0.9584147930145264
1614,0,0.9466559886932373
1615,0,0.9858829379081726
1616,0,1.0055805444717407
1617,0,0.9700977206230164
1618,0,0.9653267860412598
1619,0,0.9797664284706116
1620,0,0.954887866973877
1621,0,0.969425618648529
1622,0,0.9705442190170288
1623,0,0.9927938580513
1624,0,0.9557434916496277
1625,0,0.9860172271728516
1626,0,0.9728156328201294
1627,0,0.9698882699012756
1628,0,0.9911845326423645
1629,0,0.978323757648468
1630,0,0.9867330193519592
1631,0,0.992501437664032
1632,0,0.977533757686615
1633,0,0.9837174415588379
1634,0,0.9714054465293884
1635,0,0.9929854273796082
1636,0,0.9928009510040283
1637,0,0.9786560535430908
1638,0,0.979576587677002
1639,0,0.9628902673721313
1640,0,0.9537028074264526
1641,0,0.9646893739700317
1642,0,0.946308434009552
1643,0,0.9644700288772583
1644,0,0.9567485451698303
1645,0,0.9866863489151001
1646,0,0.963702380657196
1647,0,0.9558219313621521
1648,0,0.9534436464309692
1649,0,0.9630604982376099
1650,0,0.9578102231025696
1651,0,0.9517027139663696
1652,0,0.9691199064254761
1653,0,0.9765624403953552
1654,0,0.9470895528793335
1655,0,0.9655154347419739
1656,0,0.9704768657684326
1657,0,0.9529604315757751
1658,0,0.9793440699577332
1659,0,0.9921790957450867
1660,0,0.9791201949119568
1661,0,0.9902434945106506
1662,0,0.9865023493766785
1663,0,0.9798102974891663
1664,0,0.9664452075958252
1665,0,0.986804187297821
1666,0,0.9646600484848022
1667,0,0.9823668599128723
1668,0,0.9671457409858704
1669,0,0.9866507649421692
1670,0,0.9833794832229614
1671,0,0.9670509099960327
1672,0,0.968237578868866
1673,0,0.9694692492485046
1674,0,0.9603256583213806
1675,0,0.9637704491615295
1676,0,0.975928008556366
1677,0,0.9783256649971008
1678,0,0.9928510785102844
1679,0,0.9474166631698608
1680,0,0.9776361584663391
1681,0,0.9738562107086182
1682,0,0.9771487712860107
1683,0,0.9853148460388184
1684,0,0.9811195731163025
1685,0,0.9956606030464172
1686,0,0.9825742840766907
1687,0,0.9699690937995911
1688,0,0.981981635093689
1689,0,1.0014915466308594
1690,0,0.9549610614776611
1691,0,0.973336935043335
1692,0,0.9794310927391052
1693,0,0.9565682411193848
1694,0,0.9657400250434875
1695,0,0.9729560017585754
1696,0,0.9946499466896057
1697,0,0.9785345792770386
1698,0,0.9583310484886169
1699,0,0.9803559184074402
1700,0,0.963695228099823
1701,0,0.9447693824768066
1702,0,0.9441678524017334
1703,0,0.9462061524391174
1704,0,0.949008047580719
1705,0,0.9861117005348206
1706,0,0.9770020842552185
1707,0,0.9675732254981995
1708,0,0.9930857419967651
1709,0,0.9710602164268494
1710,0,0.970888078212738
1711,0,0.9702973961830139
1712,0,0.9833954572677612
1713,0,0.9496199488639832
1714,0,0.9602071642875671
1715,0,0.9709195494651794
1716,0,0.9733571410179138
1717,0,0.9591781497001648
1718,0,0.986053466796875
1719,0,0.9629202485084534
1720,0,0.9649034142494202
1721,0,0.9870082139968872
1722,0,0.9708674550056458
1723,0,0.9938684105873108
1724,0,0.9655404090881348
1725,0,0.982149600982666
1726,0,0.9803978204727173
1727,0,0.9761160016059875
1728,0,0.9985949993133545
1729,0,0.9667357206344604
1730,0,0.9491158723831177
1731,0,0.966545581817627
1732,0,0.9822129607200623
1733,0,0.9988395571708679
1734,0,0.982758641242981
1735,0,1.0016282796859741
1736,0,1.000124454498291
1737,0,0.9499770402908325
1738,0,0.9892728924751282
1739,0,0.9930706024169922
1740,0,0.9854510426521301
1741,0,0.9864314198493958
1742,0,0.9928582310676575
1743,0,0.9905837774276733
1744,0,0.9634076952934265
1745,0,1.0053805112838745
1746,0,1.0058436393737793
1747,0,1.0019880533218384
1748,0,1.0031919479370117
1749,0,1.0030972957611084
1750,0,0.9805402159690857
1751,0,0.973463773727417
1752,0,0.9914913177490234
1753,0,0.9969793558120728
1754,0,0.9960631132125854
1755,0,0.9796807765960693
1756,0,1.0134987831115723
1757,0,0.9833551049232483
1758,0,0.9602279663085938
1759,0,0.9845053553581238
1760,0,0.981652021408081
1761,0,0.9807682037353516
1762,0,0.9606615304946899
1763,0,0.9751142263412476
1764,0,0.989501416683197
1765,0,0.9735844731330872
1766,0,0.9909449219703674
1767,0,0.9720233678817749
1768,0,0.982405960559845
1769,0,0.9815683364868164
1770,0,0.9827564358711243
1771,0,0.9825088381767273
1772,0,0.9889939427375793
1773,0,0.9794658422470093
1774,0,0.9658930897712708
1775,0,1.0031410455703735
1776,0,1.0034278631210327
1777,0,0.9754164218902588
1778,0,0.9957146644592285
1779,0,0.9761388301849365
1780,0,0.9790103435516357
1781,0,1.0047683715820312
1782,0,0.9720959067344666
1783,0,0.9636080861091614
1784,0,0.9783544540405273
1785,0,0.9969474673271179
1786,0,0.9800206422805786
1787,0,0.9751441478729248
1788,0,0.9714816808700562
1789,0,1.0131422281265259
1790,0,1.0118954181671143
1791,0,0.9481159448623657
1792,0,0.9647497534751892
1793,0,0.9515478610992432
1794,0,0.9821742177009583
1795,0,0.9551612734794617
1796,0,1.0002292394638062
1797,0,0.9989767074584961
1798,0,0.9638675451278687
1799,0,0.983534038066864
1800,0,0.9882182478904724
1801,0,0.9995423555374146
1802,0,0.9751192331314087
1803,0,0.9593685269355774
1804,0,0.9617432951927185
1805,0,0.9676945209503174
1806,0,0.9731026887893677
1807,0,0.942656397819519
1808,0,0.9731200933456421
1809,0,0.9770972728729248
1810,0,0.9659488797187805
1811,0,0.9796475172042847
1812,0,0.9820590615272522
1813,0,0.9915337562561035
1814,0,0.9779520630836487
1815,0,0.9916541576385498
1816,0,0.9756894707679749
1817,0,0.969965934753418
1818,0,0.9656880497932434
1819,0,0.9795495867729187
1820,0,0.9898845553398132
1821,0,0.9708030223846436
1822,0,0.9972521066665649
1823,0,0.953844428062439
1824,0,0.9826937913894653
1825,0,0.9788471460342407
1826,0,0.9543763399124146
1827,0,0.9798216819763184
1828,0,0.9839521646499634
1829,0,0.9771641492843628
1830,0,0.9752297401428223
1831,0,0.9904226064682007
1832,0,1.0009644031524658
1833,0,0.9945957064628601
1834,0,0.9989203810691833
1835,0,0.9962169528007507
1836,0,0.9813787937164307
1837,0,1.0187983512878418
1838,0,0.951556384563446
1839,0,1.0002222061157227
1840,0,0.9996262192726135
1841,0,1.014101266860962
1842,0,0.9679290056228638
1843,0,0.975816547870636
1844,0,0.9829896688461304
1845,0,0.9976261258125305
1846,0,0.9983149766921997
1847,0,0.9684137105941772
1848,0,0.980017364025116
1849,0,0.9714181423187256
1850,0,0.9699763059616089
1851,0,0.9859983325004578
1852,0,0.9453607797622681
1853,0,0.9518327713012695
1854,0,0.942855179309845
1855,0,0.9789980053901672
1856,0,0.9789735674858093
1857,0,0.9717060327529907
1858,0,0.9875573515892029
1859,0,0.9740594625473022
1860,0,0.9772836565971375
1861,0,0.9782782793045044
1862,0,0.9652913808822632
1863,0,0.9859991073608398
1864,0,0.957079291343689
1865,0,0.9787924885749817
1866,0,0.9833003282546997
1867,0,0.9651290774345398
1868,0,0.9748759865760803
1869,0,0.9575781226158142
1870,0,0.9285179376602173
1871,0,0.9393050074577332
1872,0,0.9511391520500183
1873,0,0.9534887671470642
1874,0,0.9772731065750122
1875,0,0.9941519498825073
1876,0,0.9712125658988953
1877,0,0.9807757139205933
1878,0,0.9712363481521606
1879,0,0.9698277115821838
1880,0,0.9658058881759644
1881,0,0.9410828948020935
1882,0,0.9975883960723877
1883,0,0.9672706127166748
1884,0,0.9595091342926025
1885,0,0.9584473371505737
1886,0,0.9664923548698425
1887,0,0.9507893919944763
1888,0,0.9544571042060852
1889,0,0.9587763547897339
1890,0,0.9527063369750977
1891,0,0.9639828205108643
1892,0,0.9833746552467346
1893,0,0.9721934199333191
1894,0,0.9653255343437195
1895,0,0.9693081974983215
1896,0,0.9529520869255066
1897,0,0.9986558556556702
1898,0,0.9571713209152222
1899,0,0.9868718981742859
1900,0,0.9825882911682129
1901,0,0.9683488011360168
1902,0,0.9737273454666138
1903,0,0.9860856533050537
1904,0,0.9666527509689331
1905,0,1.0132511854171753
1906,0,0.9766480922698975
1907,0,0.9914199709892273
1908,0,0.9982299208641052
1909,0,0.9675037860870361
1910,0,0.9897014498710632
1911,0,0.9823229908943176
1912,0,0.9721616506576538
1913,0,0.9710442423820496
1914,0,0.9753113985061646
1915,0,1.0026766061782837
1916,0,1.0134427547454834
1917,0,0.9877538681030273
1918,0,0.9764269590377808
1919,0,0.9764331579208374
1920,0,0.9841182827949524
1921,0,0.9612874984741211
1922,0,0.9783421754837036
1923,0,0.9794358611106873
1924,0,0.9728330373764038
1925,0,0.9909712672233582
1926,0,0.9733293056488037
1927,0,0.9932496547698975
1928,0,1.007487177848816
1929,0,0.9748817086219788
1930,0,0.9789025783538818
1931,0,0.9812341928482056
1932,0,0.9894178509712219
1933,0,0.990264356136322
1934,0,0.9798334240913391
1935,0,0.9663234949111938
1936,0,0.9659921526908875
1937,0,0.9514739513397217
1938,0,0.964446485042572
1939,0,0.9744282960891724
1940,0,0.9752835035324097
1941,0,0.9732539057731628
1942,0,0.9571970105171204
1943,0,0.9757750630378723
1944,0,0.9510780572891235
1945,0,0.9495532512664795
1946,0,0.9732754826545715
1947,0,0.9572681784629822
1948,0,0.9754716753959656
1949,0,0.9955171942710876
1950,0,0.9578880667686462
1951,0,0.9322659373283386
1952,0,0.9758431315422058
1953,0,0.9622281789779663
1954,0,0.9798016548156738
1955,0,0.9887937307357788
1956,0,0.9921631217002869
1957,0,0.9789244532585144
1958,0,0.9764553904533386
1959,0,0.9801605343818665
1960,0,0.9684308171272278
1961,0,0.9266991019248962
1962,0,0.9778702259063721
1963,0,0.9714582562446594
1964,0,0.9805393218994141
1965,0,0.9838671088218689
1966,0,0.9738861918449402
1967,0,0.9752554893493652
1968,0,0.9666531085968018
1969,0,0.9628052115440369
1970,0,0.9680221080780029
1971,0,0.9565370678901672
1972,0,0.9730620384216309
1973,0,0.9665748476982117
1974,0,0.9695014953613281
1975,0,0.9658899903297424
1976,0,1.00377357006073
1977,0,0.9748559594154358
1978,0,1.0037957429885864
1979,0,0.9701479077339172
1980,0,0.9776090383529663
1981,0,0.991924524307251
1982,0,0.9835110306739807
1983,0,0.9686592817306519
1984,0,0.9919605851173401
1985,0,0.9546549320220947
1986,0,0.9689369797706604
1987,0,0.9868160486221313
1988,0,0.9880459904670715
1989,0,1.011074423789978
1990,0,0.9596998691558838
1991,0,0.988855242729187
1992,0,0.978776216506958
1993,0,0.96645188331604
1994,0,0.9031918048858643
1995,0,0.9684165120124817
1996,0,0.916701078414917
1997,0,0.9711804389953613
1998,0,1.004104495048523
1999,0,0.9709197878837585
2000,0,0.9703134894371033
2001,0,0.9151927828788757
2002,0,0.9406628608703613
2003,0,0.9549612998962402
2004,0,1.0037823915481567
2005,0,0.9827882647514343
2006,0,0.9962226748466492
2007,0,0.9807736277580261
2008,0,0.9823967218399048
2009,0,0.9952712059020996
2010,0,0.9914541840553284
2011,0,0.9517014026641846
2012,0,0.9906220436096191
2013,0,0.9743924140930176
2014,0,1.0099537372589111
2015,0,0.9692535996437073
2016,0,0.972148597240448
2017,0,0.979391872882843
2018,0,0.969207227230072
2019,0,0.9833208322525024
2020,0,0.974884569644928
2021,0,0.9798149466514587
2022,0,0.9845976829528809
2023,0,0.9657256603240967
2024,0,0.9951170682907104
2025,0,0.9628871083259583
2026,0,0.9845223426818848
2027,0,0.9805717468261719
2028,0,1.001206398010254
2029,0,0.9781229496002197
2030,0,0.98771071434021
2031,0,0.9603528380393982
2032,0,0.9761334657669067
2033,0,0.9791240096092224
2034,0,0.9605318307876587
2035,0,0.9903297424316406
2036,0,0.957231879234314
2037,0,0.957308828830719
2038,0,0.9765202403068542
2039,0,0.984252393245697
2040,0,0.994376540184021
2041,0,0.9559890627861023
2042,0,0.9588730931282043
2043,0,0.9885954260826111
2044,0,0.9732956290245056
2045,0,0.9796779751777649
2046,0,0.9780560731887817
2047,0,0.9553051590919495
2048,0,0.9509009718894958
2049,0,0.9672667384147644
2050,0,0.9772453904151917
2051,0,0.9780114889144897
2052,0,0.9965115785598755
2053,0,0.9907117486000061
2054,0,0.9787318110466003
2055,0,0.9788848161697388
2056,0,0.9669960737228394
2057,0,0.9664962291717529
2058,0,0.9490072131156921
2059,0,0.9392519593238831
2060,0,0.9886001348495483
2061,0,0.9815717339515686
2062,0,0.9673614501953125
2063,0,0.978594183921814
2064,0,0.9636565446853638
2065,0,0.9670663475990295
2066,0,0.9885696172714233
2067,0,0.9777981638908386
2068,0,0.9774807095527649
2069,0,0.9609953761100769
2070,0,0.9616338610649109
2071,0,0.981309711933136
2072,0,0.9715009331703186
2073,0,0.9586483836174011
2074,0,0.9882280230522156
2075,0,1.0009185075759888
2076,0,1.009661316871643
2077,0,0.993312656879425
2078,0,1.006014108657837
2079,0,0.9706300497055054
2080,0,0.998816728591919
2081,0,0.9747297167778015
2082,0,0.9843151569366455
2083,0,0.9611713886260986
2084,0,0.9928911328315735
2085,0,0.9791892766952515
2086,0,0.9686267375946045
2087,0,0.991682231426239
2088,0,0.9784948825836182
2089,0,0.9630280137062073
2090,0,0.9780492782592773
2091,0,0.9735319018363953
2092,0,0.9754913449287415
2093,0,0.9918568730354309
2094,0,0.9773643016815186
2095,0,0.9959103465080261
2096,0,0.9891003966331482
2097,0,0.9741262793540955
2098,0,0.9862411618232727
2099,0,0.988456666469574
2100,0,0.9861906170845032
2101,0,1.0140076875686646
2102,0,0.9688948392868042
2103,0,0.9840627312660217
2104,0,0.9716878533363342
2105,0,0.9832346439361572
2106,0,0.9952738881111145
2107,0,0.9782635569572449
2108,0,0.9893249273300171
2109,0,0.9792219996452332
2110,0,1.0006942749023438
2111,0,1.0048153400421143
2112,0,0.9838784337043762
2113,0,0.9906642436981201
2114,0,0.9784210324287415
2115,0,0.9787063598632812
2116,0,0.9912881255149841
2117,0,1.0050418376922607
2118,0,0.9976280331611633
2119,0,0.9941727519035339
2120,0,0.9914015531539917
2121,0,0.958509624004364
2122,0,0.9662021398544312
2123,0,1.0070595741271973
2124,0,0.9581302404403687
2125,0,0.9984984993934631
2126,0,0.9761320948600769
2127,0,0.9949962496757507
2128,0,0.996980607509613
2129,0,0.9911776781082153
2130,0,0.9641983509063721
2131,0,0.9588455557823181
2132,0,0.9860675930976868
2133,0,1.0016757249832153
2134,0,0.9696705341339111
2135,0,0.9902173280715942
2136,0,1.0002585649490356
2137,0,0.971123218536377
2138,0,0.9672258496284485
2139,0,0.9724720120429993
2140,0,0.9431800842285156
2141,0,0.9969425201416016
2142,0,0.9782788753509521
2143,0,0.9944795966148376
2144,0,0.9738900065422058
2145,0,0.9755814671516418
2146,0,0.9807586669921875
2147,0,0.9750679731369019
2148,0,0.9783508777618408
2149,0,0.9874706268310547
2150,0,0.966685950756073
2151,0,0.9345635175704956
2152,0,0.9761812686920166
2153,0,0.9808533191680908
2154,0,0.9432511329650879
2155,0,0.97694331407547
2156,0,0.9804973602294922
2157,0,0.9603601694107056
2158,0,0.967681348323822
2159,0,0.9644045829772949
2160,0,1.0019551515579224
2161,0,0.941034734249115
2162,0,0.9518161416053772
2163,0,0.9722254872322083
2164,0,0.9792123436927795
2165,0,0.9642833471298218
2166,0,0.9564771056175232
2167,0,0.9878443479537964
2168,0,0.9564144015312195
2169,0,0.9162602424621582
2170,0,0.9388793110847473
2171,0,0.9676816463470459
2172,0,0.9458854794502258
2173,0,0.9421284198760986
2174,0,0.9568583965301514
2175,0,0.9553230404853821
2176,0,0.9558878540992737
2177,0,0.9220465421676636
2178,0,0.9055662155151367
2179,0,0.8257472515106201
2180,0,0.9037342667579651
2181,0,0.8542624115943909
2182,0,0.8507683277130127
2183,0,0.8476371765136719
2184,0,0.8254237174987793
2185,0,0.8271399736404419
2186,0,0.9698379039764404
2187,0,0.9766539335250854
2188,0,0.9672173857688904
2189,0,0.96333909034729
2190,0,0.9320595264434814
2191,0,0.9585129618644714
2192,0,0.9528501629829407
2193,0,0.9879235029220581
2194,0,0.9653035998344421
2195,0,0.9566584229469299
2196,0,0.9680594205856323
2197,0,0.9762232303619385
2198,0,0.9704883694648743
2199,0,0.9718271493911743
2200,0,0.9913864135742188
2201,0,0.9772675633430481
2202,0,0.9624165296554565
2203,0,0.9959081411361694
2204,0,0.9894837141036987
2205,0,0.987714409828186
2206,0,0.9832224249839783
2207,0,0.9990505576133728
2208,0,0.9901522994041443
2209,0,0.9755301475524902
2210,0,0.9733062982559204
2211,0,0.9825781583786011
2212,0,0.9893328547477722
2213,0,0.9825469255447388
2214,0,0.9825438261032104
2215,0,0.9905682802200317
2216,0,0.999265193939209
2217,0,0.9714880585670471
2218,0,1.0062001943588257
2219,0,0.9913688898086548
2220,0,0.9905614852905273
2221,0,0.9922789335250854
2222,0,1.0054444074630737
2223,0,0.988810658454895
2224,0,0.9719118475914001
2225,0,1.001550316810608
2226,0,0.9658560156822205
2227,0,0.9894869327545166
2228,0,0.9892938137054443
2229,0,0.9785804152488708
2230,0,0.9849259853363037
2231,0,0.9709839820861816
2232,0,0.99895840883255
2233,0,0.9822071194648743
2234,0,0.9835839867591858
2235,0,1.001267671585083
2236,0,0.9702890515327454
2237,0,0.9737376570701599
2238,0,0.9638699293136597
2239,0,0.9644016623497009
2240,0,0.9945051074028015
2241,0,0.9678686261177063
2242,0,0.975469708442688
2243,0,0.9807233214378357
2244,0,0.9782191514968872
2245,0,0.9691435694694519
2246,0,0.9872080087661743
2247,0,0.9653331637382507
2248,0,0.9605767726898193
2249,0,0.9717333316802979
2250,0,0.983097493648529
2251,0,0.9731252193450928
2252,0,0.9729287028312683
2253,0,0.9577810168266296
2254,0,0.9567602276802063
2255,0,0.9607728123664856
2256,0,0.9580370783805847
2257,0,0.9755744338035583
2258,0,0.9798317551612854
2259,0,0.9752984046936035
2260,0,0.9729247093200684
2261,0,0.9325391054153442
2262,0,0.9498715400695801
2263,0,0.9297805428504944
2264,0,0.9188235402107239
2265,0,0.9858112335205078
2266,0,0.9599541425704956
2267,0,0.9502184987068176
2268,0,0.9875503182411194
2269,0,0.9702456593513489
2270,0,0.9174537062644958
2271,0,0.9958675503730774
2272,0,1.0031911134719849
2273,0,0.9632564187049866
2274,0,0.9779689311981201
2275,0,0.9811955094337463
2276,0,0.9934386014938354
2277,0,0.9659676551818848
2278,0,0.964687168598175
2279,0,0.9900385141372681
2280,0,0.983021080493927
2281,0,0.9833680987358093
2282,0,0.9809839725494385
2283,0,0.9740856885910034
2284,0,0.9857643246650696
2285,0,0.9581397771835327
2286,0,0.9701712131500244
2287,0,0.9682726263999939
2288,0,0.9849404692649841
2289,0,0.996616542339325
2290,0,0.9597961902618408
2291,0,0.9849851131439209
2292,0,0.9785915017127991
2293,0,0.9719763398170471
2294,0,0.9680397510528564
2295,0,0.9718918204307556
2296,0,0.9682599902153015
2297,0,0.9685497283935547
2298,0,0.9849201440811157
2299,0,0.9964540600776672
2300,0,0.9822665452957153
2301,0,0.9879024028778076
2302,0,0.9756360650062561
2303,0,1.003487229347229
2304,0,0.9849941730499268
2305,0,0.9771976470947266
2306,0,0.9947295784950256
2307,0,0.9742530584335327
2308,0,0.972000002861023
2309,0,0.9951315522193909
2310,0,0.98885178565979
2311,0,0.9586265683174133
2312,0,0.9554453492164612
2313,0,0.96146559715271
2314,0,0.9754457473754883
2315,0,0.9647325873374939
2316,0,0.9871009588241577
2317,0,0.9749393463134766
2318,0,0.9825021028518677
2319,0,0.9690904021263123
2320,0,0.9632490873336792
2321,0,0.9562279582023621
2322,0,0.9827846884727478
2323,0,0.9694963693618774
2324,0,0.9503998756408691
2325,0,0.977292537689209
2326,0,0.9690932631492615
2327,0,0.9546871781349182
2328,0,0.9703213572502136
2329,0,0.9456401467323303
2330,0,0.9533910751342773
2331,0,0.9521857500076294
2332,0,0.9253131747245789
2333,0,0.9398833513259888
2334,0,0.9905174374580383
2335,0,0.9880347847938538
2336,0,0.965386688709259
2337,0,0.9808403849601746
2338,0,0.9757831692695618
2339,0,0.9902897477149963
2340,0,0.9525761604309082
2341,0,0.9764355421066284
2342,0,0.9736950397491455
2343,0,0.9547216296195984
2344,0,0.9537999629974365
2345,0,0.9769347310066223
2346,0,0.9643162488937378
2347,0,0.9904466867446899
2348,0,0.9599679708480835
2349,0,1.0021895170211792
2350,0,0.9651358723640442
2351,0,0.9767962098121643
2352,0,0.9602145552635193
2353,0,0.982886791229248
2354,0,0.9811798930168152
2355,0,0.9678574800491333
2356,0,0.9612618088722229
2357,0,0.9819287061691284
2358,0,0.9837934970855713
2359,0,0.9995713233947754
2360,0,0.9863595366477966
2361,0,0.992967963218689
2362,0,0.9839198589324951
2363,0,0.978846549987793
2364,0,0.9743162989616394
2365,0,0.9777729511260986
2366,0,1.004807949066162
2367,0,1.000069260597229
2368,0,0.9717210531234741
2369,0,0.9944561123847961
2370,0,0.9970988631248474
2371,0,0.9970284104347229
2372,0,0.996179461479187
2373,0,0.9579548835754395
2374,0,0.9775317907333374
2375,0,0.9749520421028137
2376,0,0.972812294960022
2377,0,0.9960461854934692
2378,0,0.9892898797988892
2379,0,0.9934849143028259
2380,0,0.975628674030304
2381,0,0.9887703061103821
2382,0,0.9783627986907959
2383,0,0.9705088138580322
2384,0,0.9847804307937622
2385,0,0.9825145602226257
2386,0,1.0046442747116089
2387,0,1.007300615310669
2388,0,0.9816029071807861
2389,0,0.9729232788085938
2390,0,0.9725614190101624
2391,0,0.979098916053772
2392,0,0.9543895125389099
2393,0,1.0008643865585327
2394,0,1.0021940469741821
2395,0,0.9689808487892151
2396,0,0.9784566164016724
2397,0,0.9722352027893066
2398,0,0.9717889428138733
2399,0,0.9474890828132629
2400,0,0.9972212314605713
2401,0,0.9753613471984863
2402,0,0.9794862866401672
2403,0,1.0026015043258667
2404,0,0.9953616261482239
2405,0,0.9715288877487183
2406,0,0.9839627146720886
2407,0,0.9729794263839722
2408,0,0.9806207418441772
2409,0,0.9874072074890137
2410,0,0.9796729683876038
2411,0,0.9864933490753174
2412,0,0.9850305914878845
2413,0,0.9807979464530945
2414,0,0.9629312753677368
2415,0,0.9792372584342957
2416,0,1.0067534446716309
2417,0,0.9602366089820862
2418,0,0.9691179394721985
2419,0,0.9914197325706482
2420,0,0.9599884152412415
2421,0,0.9512830376625061
2422,0,0.9326911568641663
2423,0,0.9777035117149353
2424,0,0.9513778686523438
2425,0,0.9656975865364075
2426,0,0.9538652300834656
2427,0,1.0020828247070312
2428,0,0.999897301197052
2429,0,0.9711320996284485
2430,0,0.9646410346031189
2431,0,0.9499499797821045
2432,0,0.9801716804504395
2433,0,0.98553466796875
2434,0,0.9626747369766235
2435,0,0.9778670072555542
2436,0,0.9772106409072876
2437,0,0.9660739302635193
2438,0,0.973818838596344
2439,0,0.9498703479766846
2440,0,0.9714651107788086
2441,0,0.9812356233596802
2442,0,0.961077868938446
2443,0,0.9662547707557678
2444,0,0.9610281586647034
2445,0,1.0162858963012695
2446,0,1.0234993696212769
2447,0,0.9874417185783386
2448,0,0.9916135668754578
2449,0,0.9793445467948914
2450,0,0.9889689087867737
2451,0,0.9841468334197998
2452,0,0.9754007458686829
2453,0,0.9605429172515869
2454,0,0.9396384954452515
2455,0,0.9813536405563354
2456,0,0.9812394380569458
2457,0,0.9516642689704895
2458,0,0.9426493644714355
2459,0,0.982954204082489
2460,0,0.9887621402740479
2461,0,0.9837534427642822
2462,0,0.9808444976806641
2463,0,0.9748938083648682
2464,0,0.9613189101219177
2465,0,1.006710410118103
2466,0,0.9661543369293213
2467,0,0.9748088121414185
2468,0,0.9787957072257996
2469,0,0.9805448055267334
2470,0,0.9808896780014038
2471,0,0.9607842564582825
2472,0,0.9634247422218323
2473,0,0.9739324450492859
2474,0,0.9612997174263
2475,0,0.9644282460212708
2476,0,0.9788370132446289
2477,0,0.9803735017776489
2478,0,0.9703587889671326
2479,0,0.966709315776825
2480,0,0.977881908416748
2481,0,0.9850431680679321
2482,0,0.9731304049491882
2483,0,0.9560527205467224
2484,0,0.9627978801727295
2485,0,0.9635922908782959
2486,0,0.9573433995246887
2487,0,0.9898107051849365
2488,0,0.9642466902732849
2489,0,0.9772481918334961
2490,0,0.988105058670044
2491,0,0.9888244271278381
2492,0,0.9771263599395752
2493,0,0.9916099905967712
2494,0,0.9925673007965088
2495,0,0.9787952899932861
2496,0,0.9920252561569214
2497,0,0.9777724742889404
2498,0,0.9955981373786926
2499,0,1.0178552865982056
2500,0,0.991194486618042
2501,0,0.9814150929450989
2502,0,0.9988611936569214
2503,0,0.9964250922203064
2504,0,0.9695625305175781
2505,0,0.9788471460342407
2506,0,0.9383753538131714
2507,0,0.8973202109336853
2508,0,0.917339563369751
2509,0,0.917370080947876
2510,0,0.9174929857254028
2511,0,0.9444106221199036
2512,0,0.9677112698554993
2513,0,0.9747937917709351
2514,0,0.9634133577346802
2515,0,0.969855546951294
2516,0,0.9838837385177612
2517,0,0.9549450278282166
2518,0,0.9860411286354065
2519,0,0.9580327868461609
2520,0,0.9636840224266052
2521,0,0.9718283414840698
2522,0,0.9579516053199768
2523,0,0.9941197633743286
2524,0,0.991326093673706
2525,0,0.9744990468025208
2526,0,0.982818603515625
2527,0,0.9890146851539612
2528,0,0.9912728667259216
2529,0,0.9755610823631287
2530,0,0.9733908176422119
2531,0,0.9749404191970825
2532,0,0.9691884517669678
2533,0,0.9729016423225403
2534,0,0.9522942900657654
2535,0,0.9573138952255249
2536,0,0.9584574699401855
2537,0,0.965896487236023
2538,0,0.9405947923660278
2539,0,0.970978319644928
2540,0,0.9551107287406921
2541,0,0.9718342423439026
2542,0,0.9862518310546875
2543,0,0.9653326869010925
2544,0,0.9593488574028015
2545,0,0.9297175407409668
2546,0,0.9651199579238892
2547,0,0.9598153233528137
2548,0,0.9367186427116394
2549,0,0.9588863849639893
2550,0,0.9525411128997803
2551,0,0.9655432105064392
2552,0,0.9971967339515686
2553,0,0.9713758826255798
2554,0,0.9695358872413635
2555,0,0.9850351810455322
2556,0,0.9612203240394592
2557,0,0.9830034375190735
2558,0,0.9647234082221985
2559,0,0.9838483333587646
2560,0,0.9615703821182251
2561,0,0.9872320294380188
2562,0,0.9868905544281006
2563,0,0.9873692989349365
2564,0,0.982819676399231
2565,0,0.9493303298950195
2566,0,0.9627571105957031
2567,0,0.9408922791481018
2568,0,0.9618898034095764
2569,0,0.967822790145874
2570,0,0.9657615423202515
2571,0,0.9837976098060608
2572,0,0.9820346236228943
2573,0,0.9628624320030212
2574,0,0.9771139025688171
2575,0,0.9833446145057678
2576,0,0.9551481604576111
2577,0,0.9623456001281738
2578,0,0.970072865486145
2579,0,0.9808090925216675
2580,0,0.9792178273200989
2581,0,0.9693657755851746
2582,0,0.9739280939102173
2583,0,0.984685480594635
2584,0,0.9939984679222107
2585,0,0.9754551649093628
2586,0,0.9705738425254822
2587,0,0.9807242751121521
2588,0,0.9885696768760681
2589,0,0.976464033126831
2590,0,0.9848042130470276
2591,0,0.9868964552879333
2592,0,0.9921466112136841
2593,0,0.9761659502983093
2594,0,0.9931870102882385
2595,0,1.0023646354675293
2596,0,0.990400493144989
2597,0,1.0058214664459229
2598,0,0.989460825920105
2599,0,0.9853907227516174
2600,0,0.9801213145256042
2601,0,0.9817688465118408
2602,0,0.9686965942382812
2603,0,0.9587464928627014
2604,0,0.9766841530799866
2605,0,0.9783508777618408
2606,0,0.9700744152069092
2607,0,0.9767363667488098
2608,0,0.9941560626029968
2609,0,0.9799830317497253
2610,0,0.9796196222305298
2611,0,0.9797928333282471
2612,0,0.958354115486145
2613,0,0.9848182797431946
2614,0,0.9870616793632507
2615,0,0.9730967283248901
2616,0,0.9720463752746582
2617,0,0.9720043540000916
2618,0,0.9475499987602234
2619,0,0.9658472537994385
2620,0,0.9440168738365173
2621,0,0.9870023727416992
2622,0,0.9390853643417358
2623,0,0.9583675861358643
2624,0,0.9746527671813965
2625,0,0.9734840989112854
2626,0,0.9810764789581299
2627,0,0.9824851751327515
2628,0,0.9790055751800537
2629,0,0.9852502942085266
2630,0,0.961454451084137
2631,0,0.9601080417633057
2632,0,0.9528446197509766
2633,0,0.9955040812492371
2634,0,0.9676852822303772
2635,0,0.9768003225326538
2636,0,0.9871318936347961
2637,0,0.9744908213615417
2638,0,0.9737390875816345
2639,0,0.9718884229660034
2640,0,0.9736054539680481
2641,0,1.0011403560638428
2642,0,0.9866273999214172
2643,0,0.9749569892883301
2644,0,0.9875470399856567
2645,0,0.9579362273216248
2646,0,0.975449800491333
2647,0,0.9584038853645325
2648,0,0.9608425498008728
2649,0,0.9655158519744873
2650,0,0.9675806164741516
2651,0,0.9643831253051758
2652,0,0.9682931303977966
2653,0,0.975853681564331
2654,0,0.9761735796928406
2655,0,0.9780647158622742
2656,0,0.9752638936042786
2657,0,0.9624993801116943
2658,0,0.9503911137580872
2659,0,0.9534415006637573
2660,0,0.9685395956039429
2661,0,0.9609733819961548
2662,0,0.9510667324066162
2663,0,0.9673510193824768
2664,0,0.9626015424728394
2665,0,0.9583985805511475
2666,0,0.9121587872505188
2667,0,0.8917220830917358
2668,0,0.9212479591369629
2669,0,0.9159812927246094
2670,0,0.8992983102798462
2671,0,0.5971168875694275
2672,0,0.8922486305236816
2673,0,0.8993738889694214
2674,0,0.9001699686050415
2675,0,0.8645198941230774
2676,0,0.8501767516136169
2677,0,0.8353715538978577
2678,0,0.7857621312141418
2679,0,0.8170329928398132
2680,0,0.8067256808280945
2681,0,0.8929691314697266
2682,0,0.8876392841339111
2683,0,0.9171572923660278
2684,0,0.9464201927185059
2685,0,0.9129205346107483
2686,0,0.9306740760803223
2687,0,0.9318550825119019
2688,0,0.9296839237213135
2689,0,0.9470509886741638
2690,0,0.8289248943328857
2691,0,0.7903038263320923
2692,0,0.9490046501159668
2693,0,0.9293874502182007
2694,0,0.9551581740379333
2695,0,0.9561684131622314
2696,0,1.0042202472686768
2697,0,0.964006245136261
2698,0,0.9806480407714844
2699,0,0.9783551096916199
2700,0,0.9864533543586731
2701,0,0.9855660200119019
2702,0,0.9850884079933167
2703,0,0.9758617281913757
2704,0,0.9864320158958435
2705,0,0.9892566204071045
2706,0,0.9898795485496521
2707,0,0.9745845198631287
2708,0,0.987635612487793
2709,0,0.976292073726654
2710,0,1.0111931562423706
2711,0,0.9831780791282654
2712,0,1.004183292388916
2713,0,0.9960596561431885
2714,0,0.9625722169876099
2715,0,0.9659138917922974
2716,0,0.9842265844345093
2717,0,0.9555869102478027
2718,0,0.9550603032112122
2719,0,0.9795382618904114
2720,0,0.9744272232055664
2721,0,0.9627470374107361
2722,0,0.9496097564697266
2723,0,0.9576900005340576
2724,0,0.976152777671814
2725,0,0.9664450287818909
2726,0,0.9535813331604004
2727,0,0.9644179344177246
2728,0,0.9673362970352173
2729,0,0.9668750166893005
2730,0,0.982973575592041
2731,0,0.9648922681808472
2732,0,0.9653466939926147
2733,0,0.9660611748695374
2734,0,0.9574633240699768
2735,0,0.9578644633293152
2736,0,0.961001992225647
2737,0,0.9789631962776184
2738,0,1.0131911039352417
2739,0,1.0068644285202026
2740,0,0.9715433120727539
2741,0,0.9623587131500244
2742,0,0.9528994560241699
2743,0,0.9562570452690125
2744,0,0.9763110280036926
2745,0,0.9602828025817871
2746,0,0.9635859727859497
2747,0,0.9628751277923584
2748,0,0.9649259448051453
2749,0,0.9817619323730469
2750,0,0.9640101790428162
2751,0,0.9659140110015869
2752,0,0.9710168242454529
2753,0,0.9548294544219971
2754,0,0.9447546601295471
2755,0,0.9501731395721436
2756,0,0.9700751304626465
2757,0,0.9915051460266113
2758,0,1.0010560750961304
2759,0,1.0039414167404175
2760,0,0.9639489650726318
2761,0,0.9732334613800049
2762,0,0.9553588628768921
2763,0,0.9903860092163086
2764,0,0.9572071433067322
2765,0,0.965488076210022
2766,0,0.9832597374916077
2767,0,0.9919347167015076
2768,0,0.9960746169090271
2769,0,0.9683051705360413
2770,0,0.9728439450263977
2771,0,0.9775852560997009
2772,0,0.9916203022003174
2773,0,0.9778052568435669
2774,0,0.9763031005859375
2775,0,0.9583266377449036
2776,0,0.9671332836151123
2777,0,0.9790979027748108
2778,0,0.9853004813194275
2779,0,0.9994422197341919
2780,0,0.9883529543876648
2781,0,0.9729437828063965
2782,0,0.9690848588943481
2783,0,1.0062428712844849
2784,0,0.9837079048156738
2785,0,1.0065195560455322
2786,0,1.0049008131027222
2787,0,0.9770885705947876
2788,0,1.0068424940109253
2789,0,0.9773861765861511
2790,0,0.9953796863555908
2791,0,1.0119812488555908
2792,0,1.0102026462554932
2793,0,0.9808944463729858
2794,0,0.9876430630683899
2795,0,0.9639045000076294
2796,0,0.9504269957542419
2797,0,0.9900857210159302
2798,0,1.0036163330078125
2799,0,0.9583255648612976
2800,0,0.9877892136573792
2801,0,0.9892476797103882
2802,0,0.9813969135284424
2803,0,0.9810261726379395
2804,0,1.0035139322280884
2805,0,0.9780053496360779
2806,0,0.9740857481956482
2807,0,0.9886123538017273
2808,0,0.9915494322776794
2809,0,0.9762501120567322
2810,0,0.9743860363960266
2811,0,0.9553669691085815
2812,0,0.9945177435874939
2813,0,0.9529573917388916
2814,0,0.9764502048492432
2815,0,0.9816800355911255
2816,0,1.0022059679031372
2817,0,0.9709279537200928
2818,0,0.976962149143219
2819,0,0.9844253063201904
2820,0,0.9736416935920715
2821,0,0.9800349473953247
2822,0,0.9726422429084778
2823,0,0.9791315793991089
2824,0,1.0070858001708984
2825,0,0.9721804261207581
2826,0,0.9821297526359558
2827,0,0.986638605594635
2828,0,0.9799952507019043
2829,0,0.9795569777488708
2830,0,0.9711708426475525
2831,0,0.9780615568161011
2832,0,0.9615055322647095
2833,0,0.9594144821166992
2834,0,0.9879882335662842
2835,0,0.9809746742248535
2836,0,0.9807518124580383
2837,0,0.9677867889404297
2838,0,0.9770348072052002
2839,0,0.9893283247947693
2840,0,0.970916748046875
2841,0,0.969013512134552
2842,0,0.9677482843399048
2843,0,0.9888613820075989
2844,0,0.9637876152992249
2845,0,0.9654560089111328
2846,0,0.9640820026397705
2847,0,0.9647611379623413
2848,0,0.9906587600708008
2849,0,0.932522177696228
2850,0,0.9705996513366699
2851,0,0.9721168875694275
2852,0,0.979209303855896
2853,0,0.9296841025352478
2854,0,0.8956912755966187
2855,0,0.9655497074127197
2856,0,0.9773719310760498
2857,0,0.9943722486495972
2858,0,0.9890250563621521
2859,0,0.9636980295181274
2860,0,0.988313615322113
2861,0,0.9608258605003357
2862,0,0.9777284860610962
2863,0,1.0015395879745483
2864,0,0.944820761680603
2865,0,1.0399913787841797
2866,0,0.9825257658958435
2867,0,0.9854885935783386
2868,0,0.9855701923370361
2869,0,1.0372854471206665
2870,0,0.9584611058235168
2871,0,0.964720606803894
2872,0,0.9722493290901184
2873,0,0.9457550048828125
2874,0,0.9633692502975464
2875,0,0.976140022277832
2876,0,0.950799822807312
2877,0,0.9375043511390686
2878,0,0.9493115544319153
2879,0,0.965361475944519
2880,0,0.9818440079689026
2881,0,0.9870595932006836
2882,0,0.9725629091262817
2883,0,0.9905182719230652
2884,0,0.9698804020881653
2885,0,0.9831757545471191
2886,0,0.9987952709197998
2887,0,1.0019069910049438
2888,0,0.9950752258300781
2889,0,0.9963035583496094
2890,0,1.0032588243484497
2891,0,0.9793345332145691
2892,0,1.0015538930892944
2893,0,0.9838540554046631
2894,0,0.9950791001319885
2895,0,0.9763553142547607
2896,0,0.992264986038208
2897,0,0.9769753813743591
2898,0,0.9753923416137695
2899,0,0.9767160415649414
2900,0,0.9931883215904236
2901,0,0.9833818078041077
2902,0,0.9904409646987915
2903,0,0.9986492991447449
2904,0,1.0030661821365356
2905,0,0.9955712556838989
2906,0,0.9841599464416504
2907,0,0.9863788485527039
2908,0,0.9745345115661621
2909,0,1.0023481845855713
2910,0,0.9671895503997803
2911,0,0.9620047807693481
2912,0,0.9851151704788208
2913,0,0.9899547100067139
2914,0,0.955966055393219
2915,0,1.0102171897888184
2916,0,0.983235239982605
2917,0,0.9893771409988403
2918,0,0.997602641582489
2919,0,0.980907142162323
2920,0,0.9705732464790344
2921,0,0.992374837398529
2922,0,0.9646701216697693
2923,0,0.9725932478904724
2924,0,0.9616818428039551
2925,0,0.9652886986732483
2926,0,0.9730736017227173
2927,0,0.9719260931015015
2928,0,0.9867079257965088
2929,0,0.9946527481079102
2930,0,0.9731585383415222
2931,0,0.9469375014305115
2932,0,0.9602527618408203
2933,0,0.9670566320419312
2934,0,0.9782452583312988
2935,0,0.9600006341934204
2936,0,0.9714117646217346
2937,0,0.9895799160003662
2938,0,0.9589256644248962
2939,0,0.9813953042030334
2940,0,0.9884650707244873
2941,0,0.9771751761436462
2942,0,0.9708380103111267
2943,0,0.97223961353302
2944,0,0.9703351259231567
2945,0,0.9501703977584839
2946,0,0.983858048915863
2947,0,0.9991289973258972
2948,0,0.9767736196517944
2949,0,0.9663552641868591
2950,0,0.9500063061714172
2951,0,0.9667425751686096
2952,0,0.9709718823432922
2953,0,0.9669514894485474
2954,0,0.9542495608329773
2955,0,0.9816206693649292
2956,0,0.9718077778816223
2957,0,0.9756829738616943
2958,0,0.9646232724189758
2959,0,0.9587439298629761
2960,0,0.9629955291748047
2961,0,0.9592106938362122
2962,0,0.9564197063446045
2963,0,0.9634349346160889
2964,0,0.9614644646644592
2965,0,0.9628865122795105
2966,0,0.9936824440956116
2967,0,0.9745959639549255
2968,0,0.9749670028686523
2969,0,0.9604580402374268
2970,0,0.9681127071380615
2971,0,0.9699458479881287
2972,0,0.9873617887496948
2973,0,0.9890113472938538
2974,0,0.9871456027030945
2975,0,0.9919325113296509
2976,0,0.9808980226516724
2977,0,0.9723227024078369
2978,0,0.9966414570808411
2979,0,0.9612127542495728
2980,0,1.00220787525177
2981,0,0.9847793579101562
2982,0,0.998675525188446
2983,0,1.005906105041504
2984,0,0.9918996691703796
2985,0,0.989478588104248
2986,0,0.9852924346923828
2987,0,0.9483171105384827
2988,0,0.945060133934021
2989,0,0.9555876851081848
2990,0,0.9791417121887207
2991,0,0.9794558882713318
2992,0,0.9861195087432861
2993,0,0.9600338935852051
2994,0,0.972801923751831
2995,0,0.9667218923568726
2996,0,0.9627643823623657
2997,0,0.9690834879875183
2998,0,0.9833455085754395
2999,0,0.9662777185440063
3000,0,0.9769704341888428
3001,0,0.9574066996574402
3002,0,0.9712637066841125
3003,0,0.9702533483505249
3004,0,0.983130693435669
3005,0,0.9470670819282532
3006,0,0.9585967063903809
3007,0,0.9771851301193237
3008,0,0.9692118167877197
3009,0,0.9573606848716736
3010,0,0.9602165818214417
3011,0,0.9721370935440063
3012,0,0.9483938217163086
3013,0,0.97877436876297
3014,0,0.978942334651947
3015,0,0.978619396686554
3016,0,0.9744554162025452
3017,0,0.9683700203895569
3018,0,0.9564011693000793
3019,0,0.9802249670028687
3020,0,0.9592090845108032
3021,0,0.9672284126281738
3022,0,0.9383235573768616
3023,0,0.9534792900085449
3024,0,0.9751715064048767
3025,0,0.9754180908203125
3026,0,0.9735711216926575
3027,0,0.9698169827461243
3028,0,0.9563106298446655
3029,0,0.9642589092254639
3030,0,0.9744412899017334
3031,0,0.9693396687507629
3032,0,0.9655066728591919
3033,0,0.9663563370704651
3034,0,0.9756048321723938
3035,0,0.9910198450088501
3036,0,0.9747036099433899
3037,0,0.9957612156867981
3038,0,0.9656363725662231
3039,0,0.9813602566719055
3040,0,0.9667226672172546
3041,0,1.0074905157089233
3042,0,0.982874870300293
3043,0,0.9825264811515808
3044,0,0.9923876523971558
3045,0,0.9837659001350403
3046,0,1.01048743724823
3047,0,0.997986912727356
3048,0,1.015235185623169
3049,0,0.9851071238517761
3050,0,0.9904959201812744
3051,0,0.9637665748596191
3052,0,0.9944278001785278
3053,0,0.9885817766189575
3054,0,0.9768346548080444
3055,0,0.9698843955993652
3056,0,1.0044474601745605
3057,0,0.9881623983383179
3058,0,0.980996310710907
3059,0,1.0128214359283447
3060,0,1.0112736225128174
3061,0,0.9818609952926636
3062,0,0.9628230333328247
3063,0,0.9954696893692017
3064,0,0.9698402285575867
3065,0,0.9894552826881409
3066,0,0.9851957559585571
3067,0,0.9923216104507446
3068,0,0.9785395860671997
3069,0,0.9877323508262634
3070,0,0.9606893062591553
3071,0,0.9697933197021484
3072,0,0.9887784719467163
3073,0,0.9865765571594238
3074,0,0.9827371835708618
3075,0,0.9759142398834229
3076,0,0.9616796970367432
3077,0,0.9739043116569519
3078,0,0.9761900305747986
3079,0,1.0053726434707642
3080,0,0.9681625962257385
3081,0,0.9703836441040039
3082,0,0.9860545992851257
3083,0,0.9917157888412476
3084,0,1.0042226314544678
3085,0,0.9688381552696228
3086,0,0.9665286540985107
3087,0,0.9471954703330994
3088,0,0.9733908176422119
3089,0,0.9950087666511536
3090,0,0.9677528738975525
3091,0,0.9877583980560303
3092,0,0.9866012930870056
3093,0,0.8839511871337891
3094,0,0.9609228372573853
3095,0,0.9825047254562378
3096,0,0.9918702840805054
3097,0,1.0020713806152344
3098,0,0.9734172224998474
3099,0,0.9502687454223633
3100,0,0.9868794679641724
3101,0,0.9251805543899536
3102,0,0.9900864362716675
3103,0,0.9919237494468689
3104,0,0.9917072057723999
3105,0,0.9805303812026978
3106,0,0.973002016544342
3107,0,0.9376323819160461
3108,0,0.9694441556930542
3109,0,0.9825424551963806
3110,0,0.9755560755729675
3111,0,0.9670840501785278
3112,0,0.9832824468612671
3113,0,0.9536054134368896
3114,0,0.9860812425613403
3115,0,0.9675505757331848
3116,0,0.99333256483078
3117,0,0.9834985733032227
3118,0,0.9715137481689453
3119,0,0.9813780188560486
3120,0,1.0098868608474731
3121,0,1.0204225778579712
3122,0,1.0075901746749878
3123,0,0.9922100901603699
3124,0,0.9813644886016846
3125,0,1.0024851560592651
3126,0,1.0114729404449463
3127,0,0.9792654514312744
3128,0,0.9900988340377808
3129,0,0.9822918772697449
3130,0,0.9968504905700684
3131,0,0.9904813766479492
3132,0,0.9618323445320129
3133,0,0.9784181118011475
3134,0,0.9945249557495117
3135,0,0.9449750781059265
3136,0,0.9651060700416565
3137,0,0.9884600043296814
3138,0,0.977727472782135
3139,0,0.969447910785675
3140,0,0.9793421030044556
3141,0,0.9653163552284241
3142,0,0.9794117212295532
3143,0,0.976364016532898
3144,0,0.9463558197021484
3145,0,0.9794465899467468
3146,0,0.9593986868858337
3147,0,0.9470234513282776
3148,0,0.9572028517723083
3149,0,0.937478244304657
3150,0,0.9377225041389465
3151,0,0.9781455993652344
3152,0,1.009001612663269
3153,0,0.9847124814987183
3154,0,0.996159017086029
3155,0,0.9844985008239746
3156,0,0.9584383368492126
3157,0,0.9661440849304199
3158,0,0.9934922456741333
3159,0,0.9700605273246765
3160,0,0.9663235545158386
3161,0,0.9972421526908875
3162,0,0.9985300302505493
3163,0,0.9850749373435974
3164,0,0.9843642711639404
3165,0,0.969227135181427
3166,0,0.9906152486801147
3167,0,0.9840261936187744
3168,0,0.9990604519844055
3169,0,0.9703361988067627
3170,0,0.974122166633606
3171,0,0.9682096242904663
3172,0,0.9937599897384644
3173,0,1.0080028772354126
3174,0,0.9713818430900574
3175,0,0.9913777112960815
3176,0,0.9887979030609131
3177,0,0.9664080142974854
3178,0,0.9774531126022339
3179,0,0.9937999248504639
3180,0,0.9990654587745667
3181,0,0.9946200251579285
3182,0,0.9984782934188843
3183,0,0.9977441430091858
3184,0,0.9965872764587402
3185,0,0.9985532164573669
3186,0,0.9712128639221191
3187,0,0.9754944443702698
3188,0,0.989598274230957
3189,0,0.9621378183364868
3190,0,0.9891721606254578
3191,0,0.9635135531425476
3192,0,0.9649349451065063
3193,0,0.9797696471214294
3194,0,0.974138617515564
3195,0,0.9449198842048645
3196,0,0.9387845396995544
3197,0,0.9452642798423767
3198,0,0.9694835543632507
3199,0,0.9624209403991699
3200,0,0.8833061456680298
3201,0,0.9398456811904907
3202,0,0.9852390885353088
3203,0,0.9984996914863586
3204,0,0.9857355952262878
3205,0,0.9710972309112549
3206,0,0.9848501682281494
3207,0,0.9831648468971252
3208,0,0.9824141263961792
3209,0,0.9868243932723999
3210,0,0.9762243628501892
3211,0,0.9595737457275391
3212,0,0.9773131012916565
3213,0,0.9902079701423645
3214,0,0.9779263734817505
3215,0,0.9890620708465576
3216,0,0.9678063988685608
3217,0,0.9731649160385132
3218,0,0.9710981249809265
3219,0,0.98158198595047
3220,0,0.9950536489486694
3221,0,0.986648440361023
3222,0,0.9821090698242188
3223,0,0.9952986836433411
3224,0,0.9876264929771423
3225,0,1.0044490098953247
3226,0,0.9721458554267883
3227,0,0.9892059564590454
3228,0,0.9890548586845398
3229,0,0.9739090204238892
3230,0,0.958749532699585
3231,0,0.9838351607322693
3232,0,0.9762361645698547
3233,0,0.9734841585159302
3234,0,0.9919025897979736
3235,0,0.9925179481506348
3236,0,0.9689366817474365
3237,0,1.014359712600708
3238,0,0.9922273755073547
3239,0,0.9762355089187622
3240,0,0.9980055093765259
3241,0,0.9718330502510071
3242,0,0.9543919563293457
3243,0,0.9561699032783508
3244,0,0.9212939143180847
3245,0,0.9472759366035461
3246,0,0.9265703558921814
3247,0,0.9118452072143555
3248,0,0.9157012701034546
3249,0,0.8974443078041077
3250,0,0.9210417866706848
3251,0,0.4407309889793396
3252,0,0.8629868626594543
3253,0,0.9161798357963562
3254,0,0.8706654906272888
3255,0,0.9353671073913574
3256,0,0.896679162979126
3257,0,0.9495254158973694
3258,0,0.969825267791748
3259,0,0.9420827627182007
3260,0,0.9791038632392883
3261,0,0.974635660648346
3262,0,0.9779177904129028
3263,0,0.9751691818237305
3264,0,0.9661707878112793
3265,0,0.9701017141342163
3266,0,0.9732810854911804
3267,0,0.9822131395339966
3268,0,0.9873441457748413
3269,0,0.9577988982200623
3270,0,0.9781748652458191
3271,0,0.986970067024231
3272,0,0.9565743207931519
3273,0,0.9552956819534302
3274,0,0.971566915512085
3275,0,0.9755445718765259
3276,0,0.990259051322937
3277,0,0.9739798903465271
3278,0,0.9859926700592041
3279,0,0.952458918094635
3280,0,0.9628629088401794
3281,0,0.963735818862915
3282,0,0.9368028044700623
3283,0,0.9919041991233826
3284,0,1.0010402202606201
3285,0,0.9527369141578674
3286,0,0.9856281876564026
3287,0,0.9784602522850037
3288,0,0.9547716379165649
3289,0,0.9538450837135315
3290,0,0.9699481129646301
3291,0,0.9858070015907288
3292,0,0.9730493426322937
3293,0,1.0085891485214233
3294,0,0.972793459892273
3295,0,0.9657589793205261
3296,0,1.0001139640808105
3297,0,0.9953657984733582
3298,0,0.9740957021713257
3299,0,0.9708436131477356
3300,0,0.9771630764007568
3301,0,0.9784690141677856
3302,0,0.982596755027771
3303,0,0.9911409616470337
3304,0,1.0058794021606445
3305,0,0.9665627479553223
3306,0,0.9880370497703552
3307,0,0.9733754396438599
3308,0,0.9778727293014526
3309,0,0.9617409706115723
3310,0,0.9636520147323608
3311,0,0.9684159755706787
3312,0,0.9861248731613159
3313,0,1.0105795860290527
3314,0,0.9729776978492737
3315,0,0.9947168827056885
3316,0,0.9861355423927307
3317,0,1.001453161239624
3318,0,1.0003886222839355
3319,0,0.9798770546913147
3320,0,0.9825082421302795
3321,0,0.9768194556236267
3322,0,0.9758572578430176
3323,0,0.9939959645271301
3324,0,0.9828174710273743
3325,0,0.9739988446235657
3326,0,0.9715954661369324
3327,0,0.9703695178031921
3328,0,0.9415318369865417
3329,0,0.9550163745880127
3330,0,0.9415344595909119
3331,0,0.9820454120635986
3332,0,0.9658114910125732
3333,0,0.9703998565673828
3334,0,0.9536886215209961
3335,0,0.9617243409156799
3336,0,0.9627953171730042
3337,0,0.9772522449493408
3338,0,0.9925940632820129
3339,0,1.0005624294281006
3340,0,0.968957781791687
3341,0,0.963645339012146
3342,0,0.9482982158660889
3343,0,0.9859483242034912
3344,0,0.982733428478241
3345,0,0.9955762624740601
3346,0,0.9911425113677979
3347,0,0.9676966071128845
3348,0,0.9848360419273376
3349,0,0.9610108733177185
3350,0,0.995792031288147
3351,0,0.9695594310760498
3352,0,0.9753749966621399
3353,0,0.9804664850234985
3354,0,0.9822795987129211
3355,0,0.983379065990448
3356,0,0.9787889719009399
3357,0,0.9966964721679688
3358,0,0.9915493726730347
3359,0,0.9888102412223816
3360,0,0.989086389541626
3361,0,0.966080904006958
3362,0,0.9982017874717712
3363,0,0.9962630271911621
3364,0,0.9818803071975708
3365,0,0.9860357046127319
3366,0,0.9807015657424927
3367,0,1.0045487880706787
3368,0,0.991166889667511
3369,0,1.003583312034607
3370,0,0.9687288403511047
3371,0,0.9691952466964722
3372,0,0.9759935140609741
3373,0,0.9528984427452087
3374,0,0.9627959132194519
3375,0,0.9806150197982788
3376,0,0.9692890048027039
3377,0,0.9578832983970642
3378,0,0.9707556366920471
3379,0,0.9579899907112122
3380,0,0.98847895860672
3381,0,0.9750978350639343
3382,0,0.9629971981048584
3383,0,0.9492400884628296
3384,0,0.9752653241157532
3385,0,0.9680137038230896
3386,0,0.9903109669685364
3387,0,0.9587522149085999
3388,0,0.9680551290512085
3389,0,0.9880322813987732
3390,0,0.9858874678611755
3391,0,0.9670027494430542
3392,0,0.9668335318565369
3393,0,0.9796813726425171
3394,0,0.9705268740653992
3395,0,0.9594951868057251
3396,0,0.9544466137886047
3397,0,0.9562889933586121
3398,0,0.9628461003303528
3399,0,0.9536980986595154
3400,0,0.9474523663520813
3401,0,0.9589539766311646
3402,0,0.956997811794281
3403,0,0.9754812121391296
3404,0,0.9577720165252686
3405,0,0.9416700601577759
3406,0,0.977523148059845
3407,0,0.9631975293159485
3408,0,0.9592366218566895
3409,0,0.9691168069839478
3410,0,0.984622597694397
3411,0,0.9602633714675903
3412,0,0.9895726442337036
3413,0,0.9688962697982788
3414,0,0.9819372296333313
3415,0,0.9822559952735901
3416,0,0.957869291305542
3417,0,0.9226985573768616
3418,0,0.9495524168014526
3419,0,0.978784441947937
3420,0,0.9693641066551208
3421,0,0.9463695883750916
3422,0,0.9961746335029602
3423,0,0.9720711708068848
3424,0,0.950687050819397
3425,0,0.9626771211624146
3426,0,0.9742566347122192
3427,0,0.9427120685577393
3428,0,0.9502354860305786
3429,0,1.0074727535247803
3430,0,0.9756694436073303
3431,0,0.9910733699798584
3432,0,0.9667974710464478
3433,0,0.9667422771453857
3434,0,0.9763452410697937
3435,0,0.9549566507339478
3436,0,0.9645313024520874
3437,0,0.9856311678886414
3438,0,0.9782328009605408
3439,0,0.9646452069282532
3440,0,0.9906712174415588
3441,0,1.0065298080444336
3442,0,1.0147861242294312
3443,0,1.0041590929031372
3444,0,1.002393126487732
3445,0,0.9734586477279663
3446,0,1.0189567804336548
3447,0,1.0066781044006348
3448,0,0.9710091352462769
3449,0,0.9810307025909424
3450,0,0.9917360544204712
3451,0,0.972372829914093
3452,0,0.9793671369552612
3453,0,0.9659885168075562
3454,0,0.9870941042900085
3455,0,0.9757704734802246
3456,0,0.9677248597145081
3457,0,0.9521154761314392
3458,0,0.980144202709198
3459,0,0.9654937386512756
3460,0,0.9774506688117981
3461,0,0.9572494029998779
3462,0,0.984599232673645
3463,0,0.9751338362693787
3464,0,0.9693208932876587
3465,0,0.9595589637756348
3466,0,0.9884107112884521
3467,0,0.9769047498703003
3468,0,0.9871129989624023
3469,0,0.9715542793273926
3470,0,0.9461489915847778
3471,0,0.9760730862617493
3472,0,0.9594195485115051
3473,0,0.9922509789466858
3474,0,0.9864128828048706
3475,0,0.989702582359314
3476,0,0.9843422174453735
3477,0,0.9855570197105408
3478,0,0.9746840596199036
3479,0,0.9768894910812378
3480,0,0.9711459875106812
3481,0,0.9807875156402588
3482,0,0.9742321372032166
3483,0,0.9519149661064148
3484,0,0.9843758344650269
3485,0,0.9564650058746338
3486,0,0.964272141456604
3487,0,0.9447111487388611
3488,0,0.9767273664474487
3489,0,0.9829099774360657
3490,0,0.9642823338508606
3491,0,0.9720991849899292
3492,0,0.9887754917144775
3493,0,0.9691359996795654
3494,0,0.9640053510665894
3495,0,0.992847204208374
3496,0,0.9774621725082397
3497,0,0.9832347631454468
3498,0,0.9878740906715393
3499,0,0.9973497986793518
3500,0,1.0032975673675537
3501,0,0.9816556572914124
3502,0,0.9880203008651733
3503,0,0.9746919870376587
3504,0,0.9916611313819885
3505,0,0.9766732454299927
3506,0,0.9884483814239502
3507,0,0.975425124168396
3508,0,0.9755836725234985
3509,0,0.9809228777885437
3510,0,0.9773915410041809
3511,0,0.9872338771820068
3512,0,0.9989944100379944
3513,0,0.9650802612304688
3514,0,0.9758283495903015
3515,0,0.9661608934402466
3516,0,0.9646967053413391
3517,0,0.9669848084449768
3518,0,0.991220235824585
3519,0,0.9703725576400757
3520,0,0.9574070572853088
3521,0,1.0004112720489502
3522,0,1.0004675388336182
3523,0,0.993118941783905
3524,0,0.9882542490959167
3525,0,0.9722656607627869
3526,0,0.9737961292266846
3527,0,0.9807447195053101
3528,0,0.9699944853782654
3529,0,0.9825277924537659
3530,0,0.977112889289856
3531,0,0.9755500555038452
3532,0,0.9703960418701172
3533,0,0.9777855277061462
3534,0,0.9944339394569397
3535,0,0.9722540974617004
3536,0,0.9828325510025024
3537,0,0.9693172574043274
3538,0,0.9614235758781433
3539,0,0.9714488983154297
3540,0,0.9747805595397949
3541,0,0.9729354977607727
3542,0,0.9643563032150269
3543,0,0.9778582453727722
3544,0,0.9736002683639526
3545,0,0.9672732949256897
3546,0,0.9821065664291382
3547,0,0.9531550407409668
3548,0,0.9882085919380188
3549,0,0.9633035659790039
3550,0,0.9852737784385681
3551,0,0.9656059145927429
3552,0,0.9804748296737671
3553,0,0.9720402956008911
3554,0,0.970799446105957
3555,0,0.9697281122207642
3556,0,0.9721153378486633
3557,0,0.978256106376648
3558,0,0.9816945195198059
3559,0,0.9898524880409241
3560,0,0.9923855066299438
3561,0,0.9926455020904541
3562,0,0.9344677925109863
3563,0,0.9872142672538757
3564,0,1.0002132654190063
3565,0,0.992043137550354
3566,0,0.9699335098266602
3567,0,1.0027278661727905
3568,0,0.9912133812904358
3569,0,0.9753829836845398
3570,0,0.9972038269042969
3571,0,1.000801920890808
3572,0,0.9976581931114197
3573,0,0.9825603365898132
3574,0,0.9894348382949829
3575,0,0.9911359548568726
3576,0,0.9878907799720764
3577,0,0.9700141549110413
3578,0,0.9786359071731567
3579,0,0.9881302118301392
3580,0,0.9533330798149109
3581,0,0.9852391481399536
3582,0,0.9821699857711792
3583,0,0.9918408989906311
3584,0,0.9980121850967407
3585,0,0.993996798992157
3586,0,0.972594141960144
3587,0,0.9718193411827087
3588,0,0.9952747225761414
3589,0,0.9769855737686157
3590,0,0.9960172772407532
3591,0,1.0142531394958496
3592,0,0.9975008368492126
3593,0,0.9743393659591675
3594,0,0.9971684813499451
3595,0,0.9880738854408264
3596,0,1.0076011419296265
3597,0,0.9732738137245178
3598,0,0.9897938966751099
3599,0,0.9642191529273987
3600,0,0.965589165687561
